-- phpMyAdmin SQL Dump
-- version 5.2.1
-- https://www.phpmyadmin.net/
--
-- Host: 127.0.0.1
-- Generation Time: Apr 16, 2025 at 05:20 AM
-- Server version: 10.4.32-MariaDB
-- PHP Version: 8.2.12

SET SQL_MODE = "NO_AUTO_VALUE_ON_ZERO";
START TRANSACTION;
SET time_zone = "+00:00";


/*!40101 SET @OLD_CHARACTER_SET_CLIENT=@@CHARACTER_SET_CLIENT */;
/*!40101 SET @OLD_CHARACTER_SET_RESULTS=@@CHARACTER_SET_RESULTS */;
/*!40101 SET @OLD_COLLATION_CONNECTION=@@COLLATION_CONNECTION */;
/*!40101 SET NAMES utf8mb4 */;

--
-- Database: `assignment`
--

-- --------------------------------------------------------

--
-- Table structure for table `contact`
--

CREATE TABLE `contact` (
  `id` int(11) NOT NULL,
  `created_at` datetime NOT NULL DEFAULT current_timestamp(),
  `ContactListID` int(11) NOT NULL,
  `FriendID` int(11) NOT NULL
) ENGINE=InnoDB DEFAULT CHARSET=utf8mb4 COLLATE=utf8mb4_general_ci;

--
-- Dumping data for table `contact`
--

INSERT INTO `contact` (`id`, `created_at`, `ContactListID`, `FriendID`) VALUES
(1, '2025-03-30 05:10:38', 1, 1),
(2, '2025-03-30 05:10:41', 2, 1),
(3, '2025-03-30 22:03:02', 1, 2),
(4, '2025-04-08 21:53:05', 1, 3),
(5, '2025-04-08 21:53:11', 3, 3),
(6, '2025-04-08 22:24:24', 1, 4),
(7, '2025-04-08 22:32:15', 4, 4),
(8, '2025-04-09 09:29:10', 5, 2),
(9, '2025-04-09 09:29:26', 1, 5);

-- --------------------------------------------------------

--
-- Table structure for table `contactlist`
--

CREATE TABLE `contactlist` (
  `ContactID` int(11) NOT NULL,
  `UserID` int(10) NOT NULL
) ENGINE=InnoDB DEFAULT CHARSET=utf8mb4 COLLATE=utf8mb4_general_ci;

--
-- Dumping data for table `contactlist`
--

INSERT INTO `contactlist` (`ContactID`, `UserID`) VALUES
(1, 1),
(2, 17),
(3, 2),
(4, 3),
(5, 18);

-- --------------------------------------------------------

--
-- Table structure for table `directmessage`
--

CREATE TABLE `directmessage` (
  `DirectMessageID` int(11) NOT NULL,
  `MessageText` varchar(255) NOT NULL,
  `MessageType` varchar(10) NOT NULL,
  `CreatedTime` datetime NOT NULL DEFAULT current_timestamp(),
  `SenderID` int(10) NOT NULL,
  `ReceiverID` int(10) NOT NULL,
  `FriendID` int(11) NOT NULL,
  `Status` enum('sent','delivered','read','failed') NOT NULL DEFAULT 'sent'
) ENGINE=InnoDB DEFAULT CHARSET=utf8mb4 COLLATE=utf8mb4_general_ci;

--
-- Dumping data for table `directmessage`
--

INSERT INTO `directmessage` (`DirectMessageID`, `MessageText`, `MessageType`, `CreatedTime`, `SenderID`, `ReceiverID`, `FriendID`, `Status`) VALUES
(1, 'hallo', 'TEXT', '2025-03-30 05:10:41', 1, 17, 1, 'sent'),
(2, 'hi', 'TEXT', '2025-03-30 05:10:52', 17, 1, 1, 'sent'),
(3, 'weqwe', 'TEXT', '2025-03-30 05:36:52', 17, 1, 1, 'sent'),
(4, '(Deleted by Moderator)', 'TEXT', '2025-04-08 21:53:11', 1, 2, 3, 'sent'),
(5, 'asd', 'TEXT', '2025-04-08 22:32:15', 1, 3, 4, 'sent'),
(6, '(Deleted by Moderator)', 'TEXT', '2025-04-08 23:10:19', 1, 17, 1, 'sent'),
(7, 'Micheal Jordann', 'TEXT', '2025-04-08 23:10:27', 1, 3, 4, 'sent'),
(8, 'hallo', 'TEXT', '2025-04-09 09:28:40', 3, 1, 4, 'sent'),
(9, 'weoo', 'TEXT', '2025-04-09 09:29:10', 1, 18, 2, 'sent');

-- --------------------------------------------------------

--
-- Table structure for table `files`
--

CREATE TABLE `files` (
  `id` int(10) UNSIGNED NOT NULL,
  `user_id` int(10) UNSIGNED NOT NULL,
  `team_name` varchar(255) NOT NULL,
  `file_name` varchar(255) NOT NULL,
  `file_type` varchar(100) NOT NULL,
  `file_size` int(11) NOT NULL,
  `file_data` longblob DEFAULT NULL,
  `uploaded_at` timestamp NOT NULL DEFAULT current_timestamp()
) ENGINE=InnoDB DEFAULT CHARSET=utf8mb4 COLLATE=utf8mb4_general_ci;

--
-- Dumping data for table `files`
--

INSERT INTO `files` (`id`, `user_id`, `team_name`, `file_name`, `file_type`, `file_size`, `file_data`, `uploaded_at`) VALUES
(4, 1, 'new team', 'exampleimage1.jpg', 'image/jpeg', 8563, 0xffd8ffe000104a46494600010100000100010000ffdb00840009060713121215121313151515171515151716181715171617151515161615151517181d2820181a251b151721312125292b2e2e2e171f3338332c37282d2e2b010a0a0a0e0d0e1a10101a2d251d252d2d2d2d2d2d2d2d2d2d2d2d2d2d2d2d2d2d2d2d2d2d2d2d2d2d2d2d2d2d2d2d2d2d2d2d2d2d2d2d2d2d2d2d2d2d2d2d2d2dffc000110800b7011303012200021101031101ffc4001c0000010501010100000000000000000000050203040607010008ffc400411000010302040305050605030402030000010002110304051221310641511322617181324291a1c107145262b1d1237292e1f05382b21643a2f13373154454ffc4001a010003010101010000000000000000000001020300040506ffc4002911000202010402020103050000000000000001021103041221311341225105146171324391a1c1ffda000c03010002110311003f0090ec39a770a0dd70f83b2b3b6925762b98a5945fba55a2644908ad86320f75eac8fb6077085dee06d76a06ab06ce56b2a754488050baf64fa5ca42e3adeb513a490a5dae320f75e100903b761dcc25d2bc60d8ca9d758753aa25b12805d5854a476908d8682c6ffa05e178e3e083b6b9e6a552a6e76d25061da136d7ea52bb50a351c36a1f74a9f43067f3d129b8433f7a85d1724a24cc0c732a551c2a9b7c56dac1b900fb4296da0e3b02ac4cb7a636684e8206c136c62b915c6e1d50f2525b81bc8dc235da14e53a841945445726536e2dc3490ed0843abd460e6ae98f606cba6c8395c398fd0aaf52e166b4f789251e864c0756f1a468142b8739cd2434abad3c1a9b7dd4fb6c5a34002db83665df76b8a9240809aa984543bccad30d890ed00cbd13e030182d09bc82b452703c02ad30493128cd0c3729973912c62bf66240d3c02abdd63bd1a56b6c141d731a39a4b6ab01552ad8b5576c23d130eeddff00891dacd48d24d70199c9d004f53a8caf43330c855bc02a1ec4d3a87588d54de1e736da9bd85d209247aa461a1a7dbaeb6dd47af89124e561299edebbbd96420384c3004fd06e8837dd2e1db98472ce916b003bac067322f27a17961436d6a71ad594617c635e94071ce3c7757fc13889b58025a479859f1d8db1fa0d862f1a4bb4ab35db109f0d4442055b6077082e2b84b226215a4b142c4ecbb4616ad46b28753b4a3de6990a4d1c758e1df844a8e04f82c76dc8a1a78260eae242cd2f632910eeee68384828ae0b8ed180c8d544770a86f29536caca93776c14ae86ec3edb891a425b6a150d8cfc255678d38a9d6c052a4476c609313959bf3d24c4794a31e5d08d51730529a7e5bf82c3f10e23b9ace0e7d674b756e5ee659e9963e6a35be25558fed1951ed71325c1c649ea7aab2c6c4dc6f81282cb703e3dad4c86578a8c900bbfee004efd1dfd96976178cad4db529996b8483f42391f04ad35d85324aeae05d42c2298e82975a98789e69b5d6ba106020d431ba61f70d1cc2217b642a8d0c140eb61cd6987b923e0742ea620c1cd43ad78d76c0a59fbbb3984dbb16a0dd804381d464fa42de43db94b650f6e063f0fc93957891a3d96a875b88aa1d842dbbf71d60c8fd139b8201c804bff00f18c1b9080d6c52b3b9c28b52a5476ee286f4516967ecb2ba9d06eee0a3d4c46d9bd0aae1a24ee4a49b65b7a28b48fdb0dd5e21a63d962875b895deeb610ff00bb85c3456de865a58a1e38dd5711ac0956318e530d12758555ec970d35b719e9a2cb0bb889bd179577b35c5ac1fa68832ae1ef6982082b4ce11a3fc164fe1fa2b23787ed5fdfa8d04faae7dda9b086d3003469a6ca32cde4a44d45453a285895cbe8dc3f23c8d66396dd110c2b8d9c0e5a8d9f11fb2315f836a5d5573da401a6e82e2fc295ad8eacf51a85452485a52e196fc3f1ea35367007a6c8ab482342b23ce46e082a558e3b5e96cecc3a14ca7f624b07d1a91a49b34a540c13137d560739b12114b7aad7734f19a974425071ec8afb650ebe1c0f246cd3487524cd02cabdcdb1a4d73f521a0b88e7004e8b14aa6a5cd47bfda73897b8f9fd17d15776f2c70ead70f882b1eb7c3451681ce353d744bbfc6bf72d8b1795d3e8ae0c19fd5bf3522870e3dda0737e68ab0ebb23564408869f821e791d2f498d22ad57852e9a0b9aded047b864c7f2ee7d1593ecc6f5c2b54a2ecdab4903586963b590762737c95bf05a9aead2140c5a80b6befbc81a54a45a7f98166bf0854f25c5d9c8f17cf6c4b485d553a9c46ee4146a98cd52a1e54742d16465d0bc0e69a7ddb07bc1521d7954fbc92331dc94af3955a07ed97338bd36f340b892f5954774ea8636813d4a79964e3b34a49656cb63d2420eec162dc9dd285a846e9e1350fbaa4d3c06a14bf2659e4c71f68af7ddc2e3a8ab5b386cf329f670d379a2a13fa26f55897b299d92f765e0af94f87e98e4a43309a63dd4cb14893d743d233c168e3b34a58c2aa1d9a568cdb360e412c511d027585fd9296bbe919e3387ea9e49f670b3cee55f322e16a65891296b66ca6d2e12ea54aa5c2d4c6faab296ae654eb1a24f5391fb018e1ea3f85791bc8bc8ec44fcd3fb210a6a4526c654e654a2d885e741533be72b45a3874f70e9ef6fd57388980b0489d77f45170ac4853195c0c4c823ea918ce202a00d68300c927995db3c9158b6df272462dcecafff00d34cad24c0f443b10e0f6010d71479b51cdd8c21b7970f0e1325716f3a94592708b134a9869d7455cbfbc7d2aae891afa2beb584d36b88810140b9b3a758e523cd55f489c65f27603b0e2131ded7c91ab4c629bf4913d145a9c20c986132575fc0e691ed43f311b84f09e4fe50251c4fdd1271ac4e95bd2ed2a121a486081265db401bff0065966295064cf3a11a6b0093d7c39abd71dd106c5f224b4d37346fde0f11e7beca8789d3151b4fa06827ccf8279caeacae9a149d7600a78896eada8c746b191d1fd48fd9e3151d48d4ecc10d1248d210fa8c648637339c79073b2ed3aebf2565e12c39aea3558e69870de3a6a8b7175c145194536df03580f15bea3b28a2cdf95400ff00491aab47105a1acda61a3a93e1a011fe7454eb0e1ca4ea8f634b0e5395cc7b467a646d05a41113a157fc36d6af6b2e3fc36d20dea5d509d499e800f3cfe09dd3548e66de3929fb2bd4b875e54ca5c3279956dc8bc1a9161885eb72b2bd4b86da375328e074c7246035772a658e2bd127a8c8fb641661cc1c93cdb668e4a442ec27da912726fb632298e8959539957a130a370b842761721630d655cca9e849858c350b9953d9578846816325a925a9f2d492d5a8047cabb953d957b2a34018c8bc9ecab88d18178c87003298d53562f711deea8c57b5ed0b5bb49522ff0005652666693eabcf8c78b3b6532057af96344aa3700a45db6404dd1a3a84f3c6bb12337d13733765c341a4ca76df0fcd2609515d4c82424f18cf2055d744b0363c27c021efa673484aa24a62ef1114dd05335c013e42785b5e6ab4b9c635fd36562ae3ba7c8aa8dbe2cc31060a22ec40b841769e8a98f228c5a16716dd90ee9b47b3776f1923bd3b47a2c7b8c1ec65578b7d2910d7533afb3961dbebb82aedf69359c6df2324873dacd3a38804fc25507892ab43d948ecc601e49a31f6c7c737749832ce93eb02194aa92ddf2c1324efa6bcd58f87bef144f7db72418032d274ea247786fa7c909b2b834a1c0b81d3bcc25a4899dc2bc615c63da90c06a729eba0fc4651e19796e4b82ab75794dd78ca96cf27312da9a381044939a79f82d6f08a0eecfbc0e60039d3f9869f010aa1c3787d37dd9390775b99ac1ecb64f773752e20927a37c569344651bea7527f52ab0c69f271e7caff00a41c42f285758db0d421a065db34ee7a811b29ac20891b2d28344639232e8eaf2542f4241ce42f42158de2a694318dccf3b4ec3c4a1f65797a65ceec9c3a0907e286f8dd0fe2956ef459617942c27136d60742d734c39a77054f4e20985c84b5e445130b90970bb08806f2af654e42e423461bcab9953a42e108d006485e84e10b8b006f2af25c2e2c6235eb88008d083a26ab5e54a8d198c8097787ba9bb7b96f665bcd70ae8eb7d8bac3ba1229ee13953d809961d55244d76582c710635b95da1436bd40e79775299aa12d8827c05f62c25e278753753cc77d354cdd576d363aa3b66824fa2cf317e27ab50b8027289000ee89d809235e474ebac2a431b9092c8a28b05e5cd0a6603f338726ea918763d9ea8a4e0180821b265c5c3583d340ef82aa32e6a1f68b4093395b1008807bc4ca1d8fbdec6768d7b839ae69699f78196901b034f256f0222b3b7c1a662b63db5234f63a169e8e6c11fe78ac8b8ba5b7641d0e4648e9b82b5ae19c505ddbb2aec48878fc2f6fb43ea3c084078ef830dd8ede8c0aec0016ecdaace42793f783ce60f220462554a9d99cdadf3a981a666f4e9fd95830fc6eb3806d2a433bce4a6204971fa7327c15529bdcc716905af6982d20c8703194b7acf25b0f0170c1a0dfbcd7d6bbb40de549a403947e63227e1d657c69be8e99e7db1ec3dc25828b4a30e767aaf39ea3ceee791ac74681a01e082f1871107116ec32d73807c7bed272900fe19236dfcb77789388435e6dd925d966a11ee831959e64104f811d551afeea0e9ab8b6491e1ab479023eabae31a5679539b6e8236cea8d6b4b6ad46b8996f7dce813a775da381d7433e8af7845f134a6ac0a80e42068d2e80439b3b02d7031cb6d62551ecb57baa38486bb41d4ba0b5be1a1f91567b1a7066ab8bdc7bf960434910274d348d11a153a2d10bc9ab7690239408f03ae9e5109e5c928d3a3b612b5651b8aeeaa32e98d6b09079f444280accaec035a6e13ebd1278c1a5a43c7a1f152702ac6a35ae74c8eab8ebe6cf4bfb49864da86d50e0233375f352574998f05d017623ce90985e84b85e8445390bb099bbba6d36e6718098b0c529d6f61c0a368d4fb26c2e4252e2201242e2515c440208494b2905031c5e5c95e58c0ec409c86103b22fcdaa3b767b8504b7b966680755c497075bed06ae89ecb44cdb3e404ed777f08f928b68e909a5da157411795d3500049d82438a01c478b0639b41a7bc65cef011a0f3e7e88c62df085934bb05f10e2ce7bb24e9af7796da4f555e6d4ddaed480d3fd423f55cc42af79ced75248f4fec98b1a99aabbc40f9ebf55df8e1b52470e496e6d9348ff00c846be1b2858eeb408264889e808227f544aa374d621a411fd908c78968fcae8f391cd51a251ed0ff0c62f56d0e6a70f691fc4a64b8031a820c182013b0f3e4b50e1bc6695e30b9920e587b0c66639a438031ebaf3597600d6bc3835f986624832c73740192068644c99f0ea89f0a3c52c52964d1951aea04447b54c900893b3c687a153dbc59d1bb9a2f379c3542a5d32edcc9a94c687938fba5e3de2de47cba0895885eb9b46584026a384bbdd01ad24c733b7826ce291969c66a844741e24f41b954fe35c50bdff0074668da63bf1b97b8667479481e60a1156cd27480f7b49bf797bfdc233b9cf801ee1ed19247283eb3b6d0ead769a9122a3bdd634821c06d98890d6cef2492392998762ae635d9c6623ba0124070d4c3bc00e9f5433026175c920468361ca47cb454f44f8b2d94ae09cad3973fb6f8d0073f681e407cd1fc3199bbc4ff0987339dfea3a3f4551c37f8951ef768c73dc7c486e8079400ad185cdc181a50a7ed72cc46cd1d7c5114b261d54bdbdabb407340fcb232fe884e2fc676d424662f70e4dd75fa257155e3a9d9d47d3d080d1e41ce0dd3e2b26752cd07aae0d4cdc6747bdf8bd0c73e37393f745b310e39fbc8ecdb4b28e4e244cf9045b86aeab3816b880df0dd671d9169dbd513b3c66ab04072e5936dda3d37a1a8ed89a263b8dba806863849dc1e887ff00d72f9ca29831b99feca9d7174f7779e4973b64e54a590069de333be887924ba65a1f8fc2a294d5b353c131a6d76cec51759870bd62d060c126568d69721d4c3bc355d58726ee19e2fe4348b0cae3d150fb44bfca68d29f6aa09f21afec9aa4e146bd2a8dd03fbaee8676545fb49c7fb6bb01874a5227f37341ee389eb3f2098c8411e6364cf1b725247347245637167d1ac7485d597702f1d55af5c50aa1ba8d08ea3aad3c2b1ccce9492ba924ac038e2904aeb9c997d41d42013b2baa39aedea1756b3510313ffe277915996045df7812e2753cfc569d742584750a996782e4a99bc49f9ae58f099d2df28b85feb6ef8fc2544c1fd81e4a765cd49c3f29fd140c28c361697a1574c23777229d37543b35a4fc392cb6adebaa557d479d4ccf849d82bbf18dd65b62dfc640f4041fd966e6b1ed3291e07d27f45d5a78fc5b39b3c9ee487af2b120381da796ff00e048e1d70355c0eba6fce253c5bdc223420fd210bc0ee1cca8eca75cb13e13a988d4ae86423cd9710401079f2f03d503c729e6681b198dfe1a2f53beacf24c35fce034481307410ee5d39f8a55ddd52730eed70f74ea74fcae008fec888a2d7405c22e9d46a83af77470da5a771fe73015c2d698fbc50acd3a76aca81dc880e04fcb3054dad0e21c3c41eb1f54570eba2ea35a80749eccd4a70750e6c6603cc19f47209fa2b2574cd2aeab760ebab97b4431cea749bf8c8303d5ce207934959f0739ce739ce92e97bdc7a932e27d4ab4f1ae219abd3a1bc52a754f2efb9bed663b4007fa8f91a45d5f36a12594dc69ccb8ea3316e9a8e434903d7a408027d8fddddd38920c7ba3ba0eb12e3bea77f97251b09ace9a8e6683b8c833ef66d64f484570ac1cdd878a0d6b4318092e2049e4341be877d36d944b3af9831d95a19ed48997b883b8da1a1d0078959be68315c586adc662da4c1a9d27f08889575c3dcd631b4582001afc4feca9f873c5305e4f79e73790e9e1fba3d85dd06b4b9da6a7e69c8df210e26d6cebb472603f07b4959631ddd68e72b5636ceab42a07f74d5616b7a86c684feaab943815bb9a8e3acec1706aa0dc91f43f89d5e3c389a93f7ff115a71047884cd1609cc760afb4b83a88dcb8faa78709d088ca48f32b996291ea4bf2b87f7ff05170d6f695038edc879734f5e9cd99dd5c1be8aeede1fa4cf65a02ad6256d95c5b11a97249c1c796574dad867938c511f876eff88e1c86cae2712146dea176c013f2597e0b77154ff31fd568155cc750776ba5322093b007c51570913d54239a1cfb314ad53339ce3ef127e26521a7547315c3e9b496533201d0f821ff0071f15e9a768f989476ca891c3f7fd85cd3a835876de0742b6c6f139ca0869d4782c9b87383eb5de67522d190fbd3bef1a2d0300c06ec53cb529804693220a8e7dd49c4be9fc4db530954e24a9c9bf3516ae3f58f2014d1c3b58ef947aa198ad91a2609074e4b95f912b676c169dba8d58cd5c5eb9f780506b5fd73ef94cbebb8890a05cd5a9d55160cac9feaf4eb84bfd121d7157fd477c579057d6a93ed15e4dfa79fd9bf5b87e8d8feeae223451c60e49dd146a75aaab144f35e46c8b4ad60659e49ba183b5bcca900f7d05e34e24fba53cac1355c34fca35efc733a1808ac69837b2a1c778834d6ecdbab69c35dd27777edfed556b8a72f0fff00df8ff9e29da358912752e3de2675249994cdb98244e83e7c974c63b551cd295bb255e3bf8620c1f9f5ff003cd05c22b345739848731e080403246e27a6f1cd4dbfabdc8e7111d3d7e882da3a2ab1df980f8e87f55a4c6c51bb2db6f45a20b2010012350e1dd064c9d249812796e8ad7b47d7a06a1a59a9d3d1e4c083a1813a8d0826369506ada878351b20b4e847e18023e004f252285f55c8fa5061c46601e5ad77292dcaed759d3a2dc8bc15bbfb1107b399024890675261be5a14be18b81dac389ca1950f910ddf9e9a908a166525dd935fa01a927583a08688dbe68559407b9c00680d2226776b81927ab9cd11e295948be03dc69df34abb0fff0035a5b9db930bf34f81d27c1a876199835e41a624e68008d4c401dedbfba298cdd8342d58e11141cc0449102a3dbe4202ac32e9cc259b0d41f2d7e84a6ae04b6d842ad7a81a75003810482e120f230ef211e09cc3b2e46bdee80d04f2024ede1b2115af1c5a46ff00e6b0a6e1e5ae001cba3465cc604c09f3dbf54bec7af884a857359d141ae74699dda306bcbf1790e8afd818a604388cc1a3581a9e703aaa0d95e55a0fcc6987b62341b098903cbf5572c36f69d7637b3003b4741024483b78e89c8ff05918fed0970d9a23d7c52da12ad680a74b2f9cf9ea5361eb973bf923b34ebe2c7404a0135da2ee751b2f438592a89c6c1d4ea8cad273b34804ea3ff6af4da89d1418ed4892365a515245b4d9de09ee324e16e13aef7e7a8dcad9900eeb4cbfc1fb4b5a9434973481a738d1100e8d9a9c0ea912009f14630f95b1736794d519737ecdab9dde3d1bfdd48a7f65cf3ed543f001688e372762c1fed27ea926c6e9dbd6cbe4d68fd65749c56c13c23c28eb10f0d7c871939bac4725636d3237780a08b0ecf5a95dee3d09007c02afd6bdb6a75dccaa65c7501ce274f007659f5605cca8b4babd2d66a491bc11f4542c7af9b52a1734cb6202b15b6216c0114dad83be58f9ae8bab7ff4c7f4850c8b7aab3ab04fc52dd5650a8ba4794a8574ed763f05a1d4b8a33a33ff0014837747f09fe9565912472cb1b726ccd0d377e177c0af2d2beff4bf03bfa5791f22378e41b6b938d72cfb0de3b2c229ddd32c76d9dbec9f1846ef38aa93691aac735dc9ad0752e3b08dc78f920dd076b07f15f1d36dab3a952a7da5460ef1272b1a489cb3ccc1543c6388ea5cd4ed6ab43740341dd000311a9ea7e295715bb479a9501ccf2497c0324fa003c826ea5813a11b8e91cb6ffdaa4629f44e6dc786866add8cba34b81df64c51ba611abb5f1e9e3e29975b963a5a63a11b7a8f448a41f55cd632907d42632b46ae9d8854ba11453e821855b9bcb8a56d4e5ad7bbbce3c9835711e31f3215e38e384ad464a945eda0f696f77dd706c469c8e9ba9fc23c10db6a7da5770155da9cbb531f85aee67a9f05ec4ee30b049a9760bff9f31f805cf3726f83a31a8c4a9e1f57b804fa26fef392a91b6d1d140b1bb6e77b41ccc0e394c6b05e437e2a5fdd9d5aa453224004ed1949fd7c3c15bd1ced531dbfb969616e80993e30207a1ee83ea80d092d07f1566cf937bc47c5cd3e88bdfe075b6ee682264ec044edd2135636869b9bda068680481a971769ac446ffa7821c8c9a43b59ec8ef1740e9a6f27bc46a7c904bdad2491b18f48d7ea8ce1dde276300f7a3981beab8da61e01a8261b209df4f3dd1153a60a6d9eb4dd50e5a6f74777570d246e204fd514fb9dc53eeb0873370d8991f9873536950654a6e6977b5b188ca47b2604f3fd53df7b701bc10435c2768e6df059234a7642b4792e734034de07798002c23a867ecac786d8f655295461391da740d746ad8e86646be0a117b1c439ddd8d438183e53cc23d84b801b4b49d41dbcfcf6328885ca0960f1fd884c8c31e798f825d26e5a6d1bc051388f1ea96d68fba6b2720072981cc0dfd5472c14bb3a716471b4898dc21df893adc1babcac5f11fb55bfa9a30b290ead01c7e2efd902b8e32bfa9ed5dd6f4765ff00800a6b147e8aef93f67d12309a63771f8a4befed280ef57a6df37b7f75f32d7c42abfdbab51ffccf7bbfe45476bc84ea29748cddf6cfa46bf1ae1ccffbc1e7a3039fff0010a057fb44a21d9695b577989f65ac11e6e3f458252ac7a947b07e227d3777c97088d77084b725c0f0585f12b34cbffb43b80e0c65bd3613b17bcbbe400fd508e20c7f13c99c57635bb914d8040f33255271ac71b55c1c3484c1c56bd46e5635ef6911dd6b9da7a0460dede7b132c20a7f17c17db5bc7328b2e1cf73dd9c0739c493ded3d155b1da8efbef68e74e7dbc07209145b726d5cd2cada39a43723f9741099c61b5aa163850addd89fe1543f448dc9f1e8be38422b73ef8a2cfc2194bab891258542b6ac729d4e87a941f876cabb6e331a358020ea69bc0d478852df4ae5b9a2dea9d7fd37feca7913974574ee306db676bdc3c39c333b6077287d4bfaa3fee3c7fb8a90cb3ba7b8936f547763d8704c54c0eecff00faf57fa4ae8c7c45267167e72b71e88aec52affa8ffea77eeba967876eff00fe7a9f01fbaf23684e433f69b7d4dd55b459ed364d423a98cad279f5f5551a74e46ae29cc65d9ae2a92e0f3da3fbc0403a9d81d94603cd27f05e2bec3983d620e473c1648d1c39f2572bd7358d6b3baf3ce08272981a0ff3659fda3044e527e2ac15ee2cade9d1f7ee8b98e258e74b5ae7030ed60f7792d8d54acda8f94122262d4321d363acc4693d3fcd91cfb2cc2de6b3ae5c3f86d6b9b4c91bb9c60e5e701b23fdde0865f5bd5b9acec94ea659cb9b29cba132475dc95a5d8ddf740145cc0000010d68d3a09d15a6ce2c6815f685c49f76a3d9b0ff0012a481f9446ae58db68f3dff0075a7633c15717b5aad6355836c8c824e41cb789dfe282b7811faff001403fc8743e3de516cea828aec83c198753adda1a8f74b4b4656900c107bd3e8469e2ad22d994c86510d6925925d2664b802499da1dd3daf153b07e1ca94a935949b4c103bce332e773253cee1cb973bbd528c74c8efa3d64ddd93924d00ae65ac711b905e019cc49706b001d25edd0c7b2825ddc56a951d14c82d21bac402dd227627c968165c22c6925cf324c90d90dd36eeb8b87c91cb3c3a8d3f629b41d4c80264ea75dd514c4d96ccd6c70aafa3fb0a924192da6ed0ebae8122be1d91d9007076f0465804e9a1f15b0d1a6e3b05ebfc269d768155a1d04107620833a11ac78734ca423c665d867095c5512218d3cde4c9f1004e9e68fd3e05796c3ab53711b1870701d27a782b954a25be49ca146752744bb98fe3452ffe87aa0101cc703f988f848d110c3b87ab5396900b63f10dfaab1dc5fd1a5edbdadfe6701faa4d0c5a83fd9ad4dde4e69faa362ec47a85abb2807743f8930d756b1af6e233be9b9ad9f664ed279046daf07620aea0c64a8c3687d945e1f6eadbb3c8d479ff00801f3442dfec89defdd8f26d23fa97fd16bafa23c9467b23c52bb1eccf687d935b0f6ebd7779766d1ff12510a3f66b87b77a751ffcd55ffa34857565bb8f8279b41a37d7f443935a2ab6fc1163eeda523e2e05df3712a81f6af83d0b6ab6e28536d30f654cc1a2012d7320c72f68ad2f8938b285ad3738bb3412d86ea33e52e6b491b130b08c731bad7757b5ace92740d1ecb1bf85a3ebb94c8c9b62f057369dcd17901c054612d2241d7a15be5bdc35cd05bb11b2f9ddaf21c1c391047a2d2f04e2ba4f0c64b9b50e85a418cde0425959468d0732e17202cc588e8427d98d3398214f7206d6152e487394565f31db3825f680f35ac1429ce4db9cb85c9b739631e2e5e4d665e58c637c416796a39ed10d7389899824c9f44381e4babc9a1ca3a24a996ae19c25d58f7c90c1d0893e0b40b3c3e9323253637c4344fa98995c5e544a91cd964dca9845adf14eb217979110914c46a3748c5adf33738eeb8466fcc39faaf2f20d051cc39db853fb32765e5e4b1e8697638cb3ea572bdc53a4350495d5e4c2595bc678a5e3bac229f886e677a4e83e68252bdaee39b3dd3cff00f65268f802179794f73289170e1fc4aa3c165563808d0973493e79513bc790c8644edaaf2f229ba1595faf839a865dd9cf5c927e24aed1e1e673ca7fd8cfd971796a304ed7086b7691e5a7c82254ed6399f895d5e4c901b1c14c049ad59ac049d00d76fd97979115942e20fb55b5a04b2935f59e34220b1a0f8976bf0083d8711dce207befece9fe0a723d0bb73f25e5e59f4350df1e506b70e735a2036ad277c496fd565c769e85797965d051253b6572ea551b51bbb4c85d5e58a7a2c157127e951ae2dcc3347293aa296989975ad5ac75348b411b4c903eabcbc838a7d83735d11287135376f981f8a254b143eeb8fcd7979427048bc1df6486e35507bd296388de370179792263b82fa15ff52fe55e5e5e46d93d88ffd9, '2025-04-08 15:18:01'),
(5, 1, 'Alpha Squad2', 'exampleimage1.jpg', 'image/jpeg', 8563, 0xffd8ffe000104a46494600010100000100010000ffdb00840009060713121215121313151515171515151716181715171617151515161615151517181d2820181a251b151721312125292b2e2e2e171f3338332c37282d2e2b010a0a0a0e0d0e1a10101a2d251d252d2d2d2d2d2d2d2d2d2d2d2d2d2d2d2d2d2d2d2d2d2d2d2d2d2d2d2d2d2d2d2d2d2d2d2d2d2d2d2d2d2d2d2d2d2d2d2d2d2dffc000110800b7011303012200021101031101ffc4001c0000010501010100000000000000000000050203040607010008ffc400411000010302040305050605030402030000010002110304051221310641511322617181324291a1c107145262b1d1237292e1f05382b21643a2f13373154454ffc4001a010003010101010000000000000000000001020300040506ffc4002911000202010402020103050000000000000001021103041221311341225105146171324391a1c1ffda000c03010002110311003f0090ec39a770a0dd70f83b2b3b6925762b98a5945fba55a2644908ad86320f75eac8fb6077085dee06d76a06ab06ce56b2a754488050baf64fa5ca42e3adeb513a490a5dae320f75e100903b761dcc25d2bc60d8ca9d758753aa25b12805d5854a476908d8682c6ffa05e178e3e083b6b9e6a552a6e76d25061da136d7ea52bb50a351c36a1f74a9f43067f3d129b8433f7a85d1724a24cc0c732a551c2a9b7c56dac1b900fb4296da0e3b02ac4cb7a636684e8206c136c62b915c6e1d50f2525b81bc8dc235da14e53a841945445726536e2dc3490ed0843abd460e6ae98f606cba6c8395c398fd0aaf52e166b4f789251e864c0756f1a468142b8739cd2434abad3c1a9b7dd4fb6c5a34002db83665df76b8a9240809aa984543bccad30d890ed00cbd13e030182d09bc82b452703c02ad30493128cd0c3729973912c62bf66240d3c02abdd63bd1a56b6c141d731a39a4b6ab01552ad8b5576c23d130eeddff00891dacd48d24d70199c9d004f53a8caf43330c855bc02a1ec4d3a87588d54de1e736da9bd85d209247aa461a1a7dbaeb6dd47af89124e561299edebbbd96420384c3004fd06e8837dd2e1db98472ce916b003bac067322f27a17961436d6a71ad594617c635e94071ce3c7757fc13889b58025a479859f1d8db1fa0d862f1a4bb4ab35db109f0d4442055b6077082e2b84b226215a4b142c4ecbb4616ad46b28753b4a3de6990a4d1c758e1df844a8e04f82c76dc8a1a78260eae242cd2f632910eeee68384828ae0b8ed180c8d544770a86f29536caca93776c14ae86ec3edb891a425b6a150d8cfc255678d38a9d6c052a4476c609313959bf3d24c4794a31e5d08d51730529a7e5bf82c3f10e23b9ace0e7d674b756e5ee659e9963e6a35be25558fed1951ed71325c1c649ea7aab2c6c4dc6f81282cb703e3dad4c86578a8c900bbfee004efd1dfd96976178cad4db529996b8483f42391f04ad35d85324aeae05d42c2298e82975a98789e69b5d6ba106020d431ba61f70d1cc2217b642a8d0c140eb61cd6987b923e0742ea620c1cd43ad78d76c0a59fbbb3984dbb16a0dd804381d464fa42de43db94b650f6e063f0fc93957891a3d96a875b88aa1d842dbbf71d60c8fd139b8201c804bff00f18c1b9080d6c52b3b9c28b52a5476ee286f4516967ecb2ba9d06eee0a3d4c46d9bd0aae1a24ee4a49b65b7a28b48fdb0dd5e21a63d962875b895deeb610ff00bb85c3456de865a58a1e38dd5711ac0956318e530d12758555ec970d35b719e9a2cb0bb889bd179577b35c5ac1fa68832ae1ef6982082b4ce11a3fc164fe1fa2b23787ed5fdfa8d04faae7dda9b086d3003469a6ca32cde4a44d45453a285895cbe8dc3f23c8d66396dd110c2b8d9c0e5a8d9f11fb2315f836a5d5573da401a6e82e2fc295ad8eacf51a85452485a52e196fc3f1ea35367007a6c8ab482342b23ce46e082a558e3b5e96cecc3a14ca7f624b07d1a91a49b34a540c13137d560739b12114b7aad7734f19a974425071ec8afb650ebe1c0f246cd3487524cd02cabdcdb1a4d73f521a0b88e7004e8b14aa6a5cd47bfda73897b8f9fd17d15776f2c70ead70f882b1eb7c3451681ce353d744bbfc6bf72d8b1795d3e8ae0c19fd5bf3522870e3dda0737e68ab0ebb23564408869f821e791d2f498d22ad57852e9a0b9aded047b864c7f2ee7d1593ecc6f5c2b54a2ecdab4903586963b590762737c95bf05a9aead2140c5a80b6befbc81a54a45a7f98166bf0854f25c5d9c8f17cf6c4b485d553a9c46ee4146a98cd52a1e54742d16465d0bc0e69a7ddb07bc1521d7954fbc92331dc94af3955a07ed97338bd36f340b892f5954774ea8636813d4a79964e3b34a49656cb63d2420eec162dc9dd285a846e9e1350fbaa4d3c06a14bf2659e4c71f68af7ddc2e3a8ab5b386cf329f670d379a2a13fa26f55897b299d92f765e0af94f87e98e4a43309a63dd4cb14893d743d233c168e3b34a58c2aa1d9a568cdb360e412c511d027585fd9296bbe919e3387ea9e49f670b3cee55f322e16a65891296b66ca6d2e12ea54aa5c2d4c6faab296ae654eb1a24f5391fb018e1ea3f85791bc8bc8ec44fcd3fb210a6a4526c654e654a2d885e741533be72b45a3874f70e9ef6fd57388980b0489d77f45170ac4853195c0c4c823ea918ce202a00d68300c927995db3c9158b6df272462dcecafff00d34cad24c0f443b10e0f6010d71479b51cdd8c21b7970f0e1325716f3a94592708b134a9869d7455cbfbc7d2aae891afa2beb584d36b88810140b9b3a758e523cd55f489c65f27603b0e2131ded7c91ab4c629bf4913d145a9c20c986132575fc0e691ed43f311b84f09e4fe50251c4fdd1271ac4e95bd2ed2a121a486081265db401bff0065966295064cf3a11a6b0093d7c39abd71dd106c5f224b4d37346fde0f11e7beca8789d3151b4fa06827ccf8279caeacae9a149d7600a78896eada8c746b191d1fd48fd9e3151d48d4ecc10d1248d210fa8c648637339c79073b2ed3aebf2565e12c39aea3558e69870de3a6a8b7175c145194536df03580f15bea3b28a2cdf95400ff00491aab47105a1acda61a3a93e1a011fe7454eb0e1ca4ea8f634b0e5395cc7b467a646d05a41113a157fc36d6af6b2e3fc36d20dea5d509d499e800f3cfe09dd3548e66de3929fb2bd4b875e54ca5c3279956dc8bc1a9161885eb72b2bd4b86da375328e074c7246035772a658e2bd127a8c8fb641661cc1c93cdb668e4a442ec27da912726fb632298e8959539957a130a370b842761721630d655cca9e849858c350b9953d9578846816325a925a9f2d492d5a8047cabb953d957b2a34018c8bc9ecab88d18178c87003298d53562f711deea8c57b5ed0b5bb49522ff0005652666693eabcf8c78b3b6532057af96344aa3700a45db6404dd1a3a84f3c6bb12337d13733765c341a4ca76df0fcd2609515d4c82424f18cf2055d744b0363c27c021efa673484aa24a62ef1114dd05335c013e42785b5e6ab4b9c635fd36562ae3ba7c8aa8dbe2cc31060a22ec40b841769e8a98f228c5a16716dd90ee9b47b3776f1923bd3b47a2c7b8c1ec65578b7d2910d7533afb3961dbebb82aedf69359c6df2324873dacd3a38804fc25507892ab43d948ecc601e49a31f6c7c737749832ce93eb02194aa92ddf2c1324efa6bcd58f87bef144f7db72418032d274ea247786fa7c909b2b834a1c0b81d3bcc25a4899dc2bc615c63da90c06a729eba0fc4651e19796e4b82ab75794dd78ca96cf27312da9a381044939a79f82d6f08a0eecfbc0e60039d3f9869f010aa1c3787d37dd9390775b99ac1ecb64f773752e20927a37c569344651bea7527f52ab0c69f271e7caff00a41c42f285758db0d421a065db34ee7a811b29ac20891b2d28344639232e8eaf2542f4241ce42f42158de2a694318dccf3b4ec3c4a1f65797a65ceec9c3a0907e286f8dd0fe2956ef459617942c27136d60742d734c39a77054f4e20985c84b5e445130b90970bb08806f2af654e42e423461bcab9953a42e108d006485e84e10b8b006f2af25c2e2c6235eb88008d083a26ab5e54a8d198c8097787ba9bb7b96f665bcd70ae8eb7d8bac3ba1229ee13953d809961d55244d76582c710635b95da1436bd40e79775299aa12d8827c05f62c25e278753753cc77d354cdd576d363aa3b66824fa2cf317e27ab50b8027289000ee89d809235e474ebac2a431b9092c8a28b05e5cd0a6603f338726ea918763d9ea8a4e0180821b265c5c3583d340ef82aa32e6a1f68b4093395b1008807bc4ca1d8fbdec6768d7b839ae69699f78196901b034f256f0222b3b7c1a662b63db5234f63a169e8e6c11fe78ac8b8ba5b7641d0e4648e9b82b5ae19c505ddbb2aec48878fc2f6fb43ea3c084078ef830dd8ede8c0aec0016ecdaace42793f783ce60f220462554a9d99cdadf3a981a666f4e9fd95830fc6eb3806d2a433bce4a6204971fa7327c15529bdcc716905af6982d20c8703194b7acf25b0f0170c1a0dfbcd7d6bbb40de549a403947e63227e1d657c69be8e99e7db1ec3dc25828b4a30e767aaf39ea3ceee791ac74681a01e082f1871107116ec32d73807c7bed272900fe19236dfcb77789388435e6dd925d966a11ee831959e64104f811d551afeea0e9ab8b6491e1ab479023eabae31a5679539b6e8236cea8d6b4b6ad46b8996f7dce813a775da381d7433e8af7845f134a6ac0a80e42068d2e80439b3b02d7031cb6d62551ecb57baa38486bb41d4ba0b5be1a1f91567b1a7066ab8bdc7bf960434910274d348d11a153a2d10bc9ab7690239408f03ae9e5109e5c928d3a3b612b5651b8aeeaa32e98d6b09079f444280accaec035a6e13ebd1278c1a5a43c7a1f152702ac6a35ae74c8eab8ebe6cf4bfb49864da86d50e0233375f352574998f05d017623ce90985e84b85e8445390bb099bbba6d36e6718098b0c529d6f61c0a368d4fb26c2e4252e2201242e2515c440208494b2905031c5e5c95e58c0ec409c86103b22fcdaa3b767b8504b7b966680755c497075bed06ae89ecb44cdb3e404ed777f08f928b68e909a5da157411795d3500049d82438a01c478b0639b41a7bc65cef011a0f3e7e88c62df085934bb05f10e2ce7bb24e9af7796da4f555e6d4ddaed480d3fd423f55cc42af79ced75248f4fec98b1a99aabbc40f9ebf55df8e1b52470e496e6d9348ff00c846be1b2858eeb408264889e808227f544aa374d621a411fd908c78968fcae8f391cd51a251ed0ff0c62f56d0e6a70f691fc4a64b8031a820c182013b0f3e4b50e1bc6695e30b9920e587b0c66639a438031ebaf3597600d6bc3835f986624832c73740192068644c99f0ea89f0a3c52c52964d1951aea04447b54c900893b3c687a153dbc59d1bb9a2f379c3542a5d32edcc9a94c687938fba5e3de2de47cba0895885eb9b46584026a384bbdd01ad24c733b7826ce291969c66a844741e24f41b954fe35c50bdff0074668da63bf1b97b8667479481e60a1156cd27480f7b49bf797bfdc233b9cf801ee1ed19247283eb3b6d0ead769a9122a3bdd634821c06d98890d6cef2492392998762ae635d9c6623ba0124070d4c3bc00e9f5433026175c920468361ca47cb454f44f8b2d94ae09cad3973fb6f8d0073f681e407cd1fc3199bbc4ff0987339dfea3a3f4551c37f8951ef768c73dc7c486e8079400ad185cdc181a50a7ed72cc46cd1d7c5114b261d54bdbdabb407340fcb232fe884e2fc676d424662f70e4dd75fa257155e3a9d9d47d3d080d1e41ce0dd3e2b26752cd07aae0d4cdc6747bdf8bd0c73e37393f745b310e39fbc8ecdb4b28e4e244cf9045b86aeab3816b880df0dd671d9169dbd513b3c66ab04072e5936dda3d37a1a8ed89a263b8dba806863849dc1e887ff00d72f9ca29831b99feca9d7174f7779e4973b64e54a590069de333be887924ba65a1f8fc2a294d5b353c131a6d76cec51759870bd62d060c126568d69721d4c3bc355d58726ee19e2fe4348b0cae3d150fb44bfca68d29f6aa09f21afec9aa4e146bd2a8dd03fbaee8676545fb49c7fb6bb01874a5227f37341ee389eb3f2098c8411e6364cf1b725247347245637167d1ac7485d597702f1d55af5c50aa1ba8d08ea3aad3c2b1ccce9492ba924ac038e2904aeb9c997d41d42013b2baa39aedea1756b3510313ffe277915996045df7812e2753cfc569d742584750a996782e4a99bc49f9ae58f099d2df28b85feb6ef8fc2544c1fd81e4a765cd49c3f29fd140c28c361697a1574c23777229d37543b35a4fc392cb6adebaa557d479d4ccf849d82bbf18dd65b62dfc640f4041fd966e6b1ed3291e07d27f45d5a78fc5b39b3c9ee487af2b120381da796ff00e048e1d70355c0eba6fce253c5bdc223420fd210bc0ee1cca8eca75cb13e13a988d4ae86423cd9710401079f2f03d503c729e6681b198dfe1a2f53beacf24c35fce034481307410ee5d39f8a55ddd52730eed70f74ea74fcae008fec888a2d7405c22e9d46a83af77470da5a771fe73015c2d698fbc50acd3a76aca81dc880e04fcb3054dad0e21c3c41eb1f54570eba2ea35a80749eccd4a70750e6c6603cc19f47209fa2b2574cd2aeab760ebab97b4431cea749bf8c8303d5ce207934959f0739ce739ce92e97bdc7a932e27d4ab4f1ae219abd3a1bc52a754f2efb9bed663b4007fa8f91a45d5f36a12594dc69ccb8ea3316e9a8e434903d7a408027d8fddddd38920c7ba3ba0eb12e3bea77f97251b09ace9a8e6683b8c833ef66d64f484570ac1cdd878a0d6b4318092e2049e4341be877d36d944b3af9831d95a19ed48997b883b8da1a1d0078959be68315c586adc662da4c1a9d27f08889575c3dcd631b4582001afc4feca9f873c5305e4f79e73790e9e1fba3d85dd06b4b9da6a7e69c8df210e26d6cebb472603f07b4959631ddd68e72b5636ceab42a07f74d5616b7a86c684feaab943815bb9a8e3acec1706aa0dc91f43f89d5e3c389a93f7ff115a71047884cd1609cc760afb4b83a88dcb8faa78709d088ca48f32b996291ea4bf2b87f7ff05170d6f695038edc879734f5e9cd99dd5c1be8aeede1fa4cf65a02ad6256d95c5b11a97249c1c796574dad867938c511f876eff88e1c86cae2712146dea176c013f2597e0b77154ff31fd568155cc750776ba5322093b007c51570913d54239a1cfb314ad53339ce3ef127e26521a7547315c3e9b496533201d0f821ff0071f15e9a768f989476ca891c3f7fd85cd3a835876de0742b6c6f139ca0869d4782c9b87383eb5de67522d190fbd3bef1a2d0300c06ec53cb529804693220a8e7dd49c4be9fc4db530954e24a9c9bf3516ae3f58f2014d1c3b58ef947aa198ad91a2609074e4b95f912b676c169dba8d58cd5c5eb9f780506b5fd73ef94cbebb8890a05cd5a9d55160cac9feaf4eb84bfd121d7157fd477c579057d6a93ed15e4dfa79fd9bf5b87e8d8feeae223451c60e49dd146a75aaab144f35e46c8b4ad60659e49ba183b5bcca900f7d05e34e24fba53cac1355c34fca35efc733a1808ac69837b2a1c778834d6ecdbab69c35dd27777edfed556b8a72f0fff00df8ff9e29da358912752e3de2675249994cdb98244e83e7c974c63b551cd295bb255e3bf8620c1f9f5ff003cd05c22b345739848731e080403246e27a6f1cd4dbfabdc8e7111d3d7e882da3a2ab1df980f8e87f55a4c6c51bb2db6f45a20b2010012350e1dd064c9d249812796e8ad7b47d7a06a1a59a9d3d1e4c083a1813a8d0826369506ada878351b20b4e847e18023e004f252285f55c8fa5061c46601e5ad77292dcaed759d3a2dc8bc15bbfb1107b399024890675261be5a14be18b81dac389ca1950f910ddf9e9a908a166525dd935fa01a927583a08688dbe68559407b9c00680d2226776b81927ab9cd11e295948be03dc69df34abb0fff0035a5b9db930bf34f81d27c1a876199835e41a624e68008d4c401dedbfba298cdd8342d58e11141cc0449102a3dbe4202ac32e9cc259b0d41f2d7e84a6ae04b6d842ad7a81a75003810482e120f230ef211e09cc3b2e46bdee80d04f2024ede1b2115af1c5a46ff00e6b0a6e1e5ae001cba3465cc604c09f3dbf54bec7af884a857359d141ae74699dda306bcbf1790e8afd818a604388cc1a3581a9e703aaa0d95e55a0fcc6987b62341b098903cbf5572c36f69d7637b3003b4741024483b78e89c8ff05918fed0970d9a23d7c52da12ad680a74b2f9cf9ea5361eb973bf923b34ebe2c7404a0135da2ee751b2f438592a89c6c1d4ea8cad273b34804ea3ff6af4da89d1418ed4892365a515245b4d9de09ee324e16e13aef7e7a8dcad9900eeb4cbfc1fb4b5a9434973481a738d1100e8d9a9c0ea912009f14630f95b1736794d519737ecdab9dde3d1bfdd48a7f65cf3ed543f001688e372762c1fed27ea926c6e9dbd6cbe4d68fd65749c56c13c23c28eb10f0d7c871939bac4725636d3237780a08b0ecf5a95dee3d09007c02afd6bdb6a75dccaa65c7501ce274f007659f5605cca8b4babd2d66a491bc11f4542c7af9b52a1734cb6202b15b6216c0114dad83be58f9ae8bab7ff4c7f4850c8b7aab3ab04fc52dd5650a8ba4794a8574ed763f05a1d4b8a33a33ff0014837747f09fe9565912472cb1b726ccd0d377e177c0af2d2beff4bf03bfa5791f22378e41b6b938d72cfb0de3b2c229ddd32c76d9dbec9f1846ef38aa93691aac735dc9ad0752e3b08dc78f920dd076b07f15f1d36dab3a952a7da5460ef1272b1a489cb3ccc1543c6388ea5cd4ed6ab43740341dd000311a9ea7e295715bb479a9501ccf2497c0324fa003c826ea5813a11b8e91cb6ffdaa4629f44e6dc786866add8cba34b81df64c51ba611abb5f1e9e3e29975b963a5a63a11b7a8f448a41f55cd632907d42632b46ae9d8854ba11453e821855b9bcb8a56d4e5ad7bbbce3c9835711e31f3215e38e384ad464a945eda0f696f77dd706c469c8e9ba9fc23c10db6a7da5770155da9cbb531f85aee67a9f05ec4ee30b049a9760bff9f31f805cf3726f83a31a8c4a9e1f57b804fa26fef392a91b6d1d140b1bb6e77b41ccc0e394c6b05e437e2a5fdd9d5aa453224004ed1949fd7c3c15bd1ced531dbfb969616e80993e30207a1ee83ea80d092d07f1566cf937bc47c5cd3e88bdfe075b6ee682264ec044edd2135636869b9bda068680481a971769ac446ffa7821c8c9a43b59ec8ef1740e9a6f27bc46a7c904bdad2491b18f48d7ea8ce1dde276300f7a3981beab8da61e01a8261b209df4f3dd1153a60a6d9eb4dd50e5a6f74777570d246e204fd514fb9dc53eeb0873370d8991f9873536950654a6e6977b5b188ca47b2604f3fd53df7b701bc10435c2768e6df059234a7642b4792e734034de07798002c23a867ecac786d8f655295461391da740d746ad8e86646be0a117b1c439ddd8d438183e53cc23d84b801b4b49d41dbcfcf6328885ca0960f1fd884c8c31e798f825d26e5a6d1bc051388f1ea96d68fba6b2720072981cc0dfd5472c14bb3a716471b4898dc21df893adc1babcac5f11fb55bfa9a30b290ead01c7e2efd902b8e32bfa9ed5dd6f4765ff00800a6b147e8aef93f67d12309a63771f8a4befed280ef57a6df37b7f75f32d7c42abfdbab51ffccf7bbfe45476bc84ea29748cddf6cfa46bf1ae1ccffbc1e7a3039fff0010a057fb44a21d9695b577989f65ac11e6e3f458252ac7a947b07e227d3777c97088d77084b725c0f0585f12b34cbffb43b80e0c65bd3613b17bcbbe400fd508e20c7f13c99c57635bb914d8040f33255271ac71b55c1c3484c1c56bd46e5635ef6911dd6b9da7a0460dede7b132c20a7f17c17db5bc7328b2e1cf73dd9c0739c493ded3d155b1da8efbef68e74e7dbc07209145b726d5cd2cada39a43723f9741099c61b5aa163850addd89fe1543f448dc9f1e8be38422b73ef8a2cfc2194bab891258542b6ac729d4e87a941f876cabb6e331a358020ea69bc0d478852df4ae5b9a2dea9d7fd37feca7913974574ee306db676bdc3c39c333b6077287d4bfaa3fee3c7fb8a90cb3ba7b8936f547763d8704c54c0eecff00faf57fa4ae8c7c45267167e72b71e88aec52affa8ffea77eeba967876eff00fe7a9f01fbaf23684e433f69b7d4dd55b459ed364d423a98cad279f5f5551a74e46ae29cc65d9ae2a92e0f3da3fbc0403a9d81d94603cd27f05e2bec3983d620e473c1648d1c39f2572bd7358d6b3baf3ce08272981a0ff3659fda3044e527e2ac15ee2cade9d1f7ee8b98e258e74b5ae7030ed60f7792d8d54acda8f94122262d4321d363acc4693d3fcd91cfb2cc2de6b3ae5c3f86d6b9b4c91bb9c60e5e701b23fdde0865f5bd5b9acec94ea659cb9b29cba132475dc95a5d8ddf740145cc0000010d68d3a09d15a6ce2c6815f685c49f76a3d9b0ff0012a481f9446ae58db68f3dff0075a7633c15717b5aad6355836c8c824e41cb789dfe282b7811faff001403fc8743e3de516cea828aec83c198753adda1a8f74b4b4656900c107bd3e8469e2ad22d994c86510d6925925d2664b802499da1dd3daf153b07e1ca94a935949b4c103bce332e773253cee1cb973bbd528c74c8efa3d64ddd93924d00ae65ac711b905e019cc49706b001d25edd0c7b2825ddc56a951d14c82d21bac402dd227627c968165c22c6925cf324c90d90dd36eeb8b87c91cb3c3a8d3f629b41d4c80264ea75dd514c4d96ccd6c70aafa3fb0a924192da6ed0ebae8122be1d91d9007076f0465804e9a1f15b0d1a6e3b05ebfc269d768155a1d04107620833a11ac78734ca423c665d867095c5512218d3cde4c9f1004e9e68fd3e05796c3ab53711b1870701d27a782b954a25be49ca146752744bb98fe3452ffe87aa0101cc703f988f848d110c3b87ab5396900b63f10dfaab1dc5fd1a5edbdadfe6701faa4d0c5a83fd9ad4dde4e69faa362ec47a85abb2807743f8930d756b1af6e233be9b9ad9f664ed279046daf07620aea0c64a8c3687d945e1f6eadbb3c8d479ff00801f3442dfec89defdd8f26d23fa97fd16bafa23c9467b23c52bb1eccf687d935b0f6ebd7779766d1ff12510a3f66b87b77a751ffcd55ffa34857565bb8f8279b41a37d7f443935a2ab6fc1163eeda523e2e05df3712a81f6af83d0b6ab6e28536d30f654cc1a2012d7320c72f68ad2f8938b285ad3738bb3412d86ea33e52e6b491b130b08c731bad7757b5ace92740d1ecb1bf85a3ebb94c8c9b62f057369dcd17901c054612d2241d7a15be5bdc35cd05bb11b2f9ddaf21c1c391047a2d2f04e2ba4f0c64b9b50e85a418cde0425959468d0732e17202cc588e8427d98d3398214f7206d6152e487394565f31db3825f680f35ac1429ce4db9cb85c9b739631e2e5e4d665e58c637c416796a39ed10d7389899824c9f44381e4babc9a1ca3a24a996ae19c25d58f7c90c1d0893e0b40b3c3e9323253637c4344fa98995c5e544a91cd964dca9845adf14eb217979110914c46a3748c5adf33738eeb8466fcc39faaf2f20d051cc39db853fb32765e5e4b1e8697638cb3ea572bdc53a4350495d5e4c2595bc678a5e3bac229f886e677a4e83e68252bdaee39b3dd3cff00f65268f802179794f73289170e1fc4aa3c165563808d0973493e79513bc790c8644edaaf2f229ba1595faf839a865dd9cf5c927e24aed1e1e673ca7fd8cfd971796a304ed7086b7691e5a7c82254ed6399f895d5e4c901b1c14c049ad59ac049d00d76fd97979115942e20fb55b5a04b2935f59e34220b1a0f8976bf0083d8711dce207befece9fe0a723d0bb73f25e5e59f4350df1e506b70e735a2036ad277c496fd565c769e85797965d051253b6572ea551b51bbb4c85d5e58a7a2c157127e951ae2dcc3347293aa296989975ad5ac75348b411b4c903eabcbc838a7d83735d11287135376f981f8a254b143eeb8fcd7979427048bc1df6486e35507bd296388de370179792263b82fa15ff52fe55e5e5e46d93d88ffd9, '2025-04-09 01:36:08'),
(6, 1, 'Alpha Squad', 'transaction.pdf', 'application/pdf', 3324, 0x255044462d312e340a25e2e3cfd30a332030206f626a0a3c3c2f46696c7465722f466c6174654465636f64652f4c656e67746820323334303e3e73747265616d0a789c959a4d7bdb361685f7fe1558ba0b6108809fde354d1a771679dc5a99a78b6e148b196b2a9b1e4a4ec6ff7e401257b12fee01a94d12fb9c0b0238af00024aa68c5a1995a9a229fc9f770f17ffbd78b7be70a52a8a46adb717ce185d966a65f3e1a77ffc6a9429d5faebc5e5badf3c1e3677c75df7a8fe689fbafef8d3fa3f17abe0cfc6dadaeaaaf6ed8f3f5daac930fd72fc952d325d5a6fa8a7c6ad32766afc7e7750fdd8aa7aeabb6fbb6d7b501b75787e78d8f42faafbaa36fbbd3afee8c2418f8d8706c3d39d76cef7fcedd3c75f8ebfca8607dbe15f1fd617bffb8167ba2a6c932bfe77ffef6142f2b2f2b3a4ad53bec5bebdf89af237c5603cabc414b9cecf7c8c354e97cd993595d58d3dafc639ab4d71664d63b4abcfabc9a7fcceaa29b246d767f6ad281b9d9dd9b7d2d6da99336bea4a17f97935555eeaaa126a0644adfaa7e7f6a3af2fd47789cadb20c900920a58231960759265824806b09c64990b9201022483b44fb21c2cc920c3932cc7453248e6f6551a0549464a03a8940690290d248734804c692039a401644a03c8940692431a40a634901cd20032a58106e62734372495421a40a534804c692039a401644a03c9210d20531a40a634901cd20032a581e4900690290d34303fa1b648a501544a03c8940692431a40a634901cd20032a501644a03c9210d20531a480e690099d24003f3139a35a934804a690099d240724803c8940692431a40a634804c692039a401644a03c9210d20531a6860a572cd4912f60da48634901cd280f2940692431a509ed240724803c9210d284f692039a401e5290d248734e0c0fc84d6c934804a690099d240724803c8940692431a40a634804c692039a401644a03c9210d20531a68607e422b9758a9904a690099d240724803c8940692431a40a634804c692039a401644a03c9210d20531a68607e424b97fa6c0095d20032a581e4900690290d248734804c690099d240724803c8940692431a40a634d0c0fc84e655eab301544a03c8940692431a40a634901cd20032a501644a03c9210d20531a480e690099d24003f313ea52a73fa4521a40a634901cd20032a581e4900690290d20531a480e690099d240724803c894061a989f509b3afd2195d20032a581e4900690290d248734804c690099d240724803c8940692431a40a634d0c0fc8466a9d31f52290d20531a480e690099d240724803c8940690290d248734804c692039a401644a23927f1feef687dbfe4c0d474bddf8338b37ae1fc68bfd9adfeb0f37e6e42ecd742bd70ceecbdfde0fda87f5ebf64c56e8c2c40dfe766c1fd42fddb6154aca522cf9a3bd6b77dfdaedeb0e982ad7eed481bf2ebf74fffbeba7b8496badb6718bef778763bffbf27c7cdba8754e174b5aad7c9ad5e2c9b2b5d3f98fd97abf39b66abd7b1066c0e54e0b13f0f971775437fdee4e2a699ae11b96b82fdd71b357ffdaec9f85a2bcf0c44845f200f22ad375731ac0fae54968b3301ed2226ef397bef503deaa772f424d55ea5c98c8cf4f5b5853facfa913fafebedd7b48fa17f5a93b0add2b1ba79df028824b7c5695fbcfa530a657fcc8e3ca7539cc7233955915be24fbf3539639017cbf70d579ecbfb9f99065b9e0afadce85f6330155570f9f13ee2c32c95b55ba2e63b3cd6cbecaccca66ebacb92a844ae779120a336d04f64ca18d60f60ba8d0725e16237adccd3ec16cfafd7a990b8fb85d7fce32a14b855f404be121c85f3abfb6d5b1ffe3befbd61ed4e17ef7f4d03e1e059e4c39ddbeb3c29560f503b742c6b79f6f44860272b9849cc5c871ff889c8468408efb3172dc69257008b9c89c59b732d653b736c595c3c8f1c24284c8185d0b5d32360d1df72f828e17cd41b7d43f40377e95c0fdc7eeee6fb5a5d5efd8bdd9a773bfd00f0f71e3ca7ddf1d9e767e5fc064f2d61364461d4993e95c4ca611c6496472ffdc62c8fd984ceeb4a9c530360f8ba15d99726ddc9515c9f441098fa975556036b9db546936b97f119bbc688ecda5fed295da16b1ff63f7fd511d9e9f9ef62fea6bd74b64da6a2199bced049951b70732a5614e649a4a583385a8884cee1fc92c3199dc8fc9e44e9322939b699bce8ab5c9aff20499d163ac4e9019bbd36472ff223279d11c994bfd03998d90c1ed7dd7aa3bbf5df787984c332eb4c6bc21533d1f84d74aa293b79fa033ea4a9acecc087456984eee1fe9ac319ddc8fe9e4ce249ddc4cebe6b0a39760479fe88c1ea39b46a2d31faa1ac1edcf430938b97d119cbc680ecea5fed2e5e37b24f7fffcd4778f6a4b5d0ba731193c5e9b002fead6009ef06e3881e71a093c2189005ee41fc033421401bcc82f82d7e8a68aad8957c9c87b02af5e1b7325211bc08b3b0436ecf1fc12b95d252ea21377917b097751d10c778bfda5cb864531f2bfebba232d8af44209c98baa317971c706f284d90ae4d51279f85531f28f4b9e74e8f1880876bf8e493cf96da014dc09f4b8f5f4ae980de8c93bf2708a899f21efc7e38a1799fd595e5ef12a5db9d8fefa364dc68e57cc61b7d45ffa8fc8f8a576d4a3a77dfbb83bdcd3a1f954e05f34c6ef5d8b7127eefa6ddb0b90657e91a8e366af4506aaaad04ee8b4406fa0b12c041aa58348a091fb471aa5d7c9caef5455ec37e2ea1668e4e6048ddc3a9da9cdca65c30e9c38b94495c9934bdc7f07de270390dc3f0f24af980372a97f58077321e1f1d8d2732a65ea78edb5983551c7dd98ba42a24e3a6404eab87fa44e7a4d0cd4717f935a03b939411db77aea86bd77658ae1f2507a1f20ea78a503ef7d1375dc9d57759d5a06b97f9e3a5e3147dd52ff70819d0b09dff4ddb1bd3bfa4ea9f6a5fdde6ed8a9241fcecb6eba75b9fcf2bcff5bcd2c88fc01d7221084267763349d74c7289d30029adc3fa229bd480634b95f3e670434b9398126b7bedd9ee57bed09cdb83271cd28b8d33b34f7cfa3c92be6d05cea1fee1833c1ffa9fdae0ee33de3a6ef77dfc46b9a001d2fbd16a326e8b81b436705e8c4d345808efb47e8a477c8001df7cbdf9004e8b839011db79ea02bd626bb32c25e11de09a367a4de09a3a7a02b9a89386e9f278e57cc11b7d43f1c81ab22f6ffbab96b872f52dafd7622efcd5ae8c27f5e986eb517eed4fc11d76287884ceec6641ae9621b7fe512f9e7de0fb9dfa5c8e4e60499dc7a22b31a76ea5c24735a0e7965f2fe30ee3fbcd99ee0e4fe793879c51c9c4bfdc3e5612e24fce3f2500dfbb07464c9aa254716def0b5f88a4748723721f97f4a19047e0a656e6473747265616d0a656e646f626a0a352030206f626a0a3c3c2f436f6e74656e74732033203020522f547970652f506167652f5265736f75726365733c3c2f50726f63536574205b2f504446202f54657874202f496d61676542202f496d61676543202f496d616765495d2f466f6e743c3c2f46312031203020522f46322032203020523e3e3e3e2f506172656e742034203020522f526f746174652039302f4d65646961426f785b30203020353935203834325d3e3e0a656e646f626a0a312030206f626a0a3c3c2f537562747970652f54797065312f547970652f466f6e742f42617365466f6e742f48656c7665746963612d426f6c642f456e636f64696e672f57696e416e7369456e636f64696e673e3e0a656e646f626a0a322030206f626a0a3c3c2f537562747970652f54797065312f547970652f466f6e742f42617365466f6e742f48656c7665746963612f456e636f64696e672f57696e416e7369456e636f64696e673e3e0a656e646f626a0a342030206f626a0a3c3c2f4b6964735b35203020525d2f547970652f50616765732f436f756e7420312f4954585428352e302e36293e3e0a656e646f626a0a362030206f626a0a3c3c2f547970652f436174616c6f672f50616765732034203020523e3e0a656e646f626a0a372030206f626a0a3c3c2f4d6f644461746528443a32303235303331303231313834332b303827303027292f4372656174696f6e4461746528443a32303235303331303231313834332b303827303027292f50726f647563657228695465787420352e302e36205c28635c292031543358542042564241293e3e0a656e646f626a0a787265660a3020380a303030303030303030302036353533352066200a30303030303032353939203030303030206e200a30303030303032363932203030303030206e200a30303030303030303135203030303030206e200a30303030303032373830203030303030206e200a30303030303032343233203030303030206e200a30303030303032383433203030303030206e200a30303030303032383838203030303030206e200a747261696c65720a3c3c2f496e666f2037203020522f4944205b3c37643935373237616433653332633764393236643535636436346138386439303e3c37663961633466653264306465383936666665666164343861333330663130383e5d2f526f6f742036203020522f53697a6520383e3e0a7374617274787265660a333031380a2525454f460a, '2025-04-09 01:40:56');

-- --------------------------------------------------------

--
-- Table structure for table `friendrequests`
--

CREATE TABLE `friendrequests` (
  `request_id` int(11) NOT NULL,
  `sender_id` int(10) UNSIGNED NOT NULL,
  `receiver_id` int(10) UNSIGNED NOT NULL,
  `status` enum('pending','accepted','rejected') DEFAULT 'pending',
  `created_at` timestamp NOT NULL DEFAULT current_timestamp(),
  `updated_at` timestamp NOT NULL DEFAULT current_timestamp() ON UPDATE current_timestamp()
) ENGINE=InnoDB DEFAULT CHARSET=utf8mb4 COLLATE=utf8mb4_general_ci;

-- --------------------------------------------------------

--
-- Table structure for table `friends`
--

CREATE TABLE `friends` (
  `id` int(11) NOT NULL,
  `user_id` int(10) UNSIGNED NOT NULL,
  `friend_id` int(10) UNSIGNED NOT NULL,
  `status` enum('None','Blocked','Accepted') NOT NULL DEFAULT 'None',
  `created_at` datetime NOT NULL DEFAULT current_timestamp()
) ENGINE=InnoDB DEFAULT CHARSET=utf8mb4 COLLATE=utf8mb4_general_ci;

--
-- Dumping data for table `friends`
--

INSERT INTO `friends` (`id`, `user_id`, `friend_id`, `status`, `created_at`) VALUES
(1, 1, 17, 'Blocked', '2025-03-30 05:10:38'),
(2, 1, 18, 'None', '2025-03-30 22:03:02'),
(3, 1, 2, 'None', '2025-04-08 21:53:05'),
(4, 1, 3, 'None', '2025-04-08 22:24:24'),
(5, 1, 20, 'None', '2025-04-09 09:29:26');

-- --------------------------------------------------------

--
-- Table structure for table `goals`
--

CREATE TABLE `goals` (
  `goal_id` int(11) NOT NULL,
  `user_id` int(10) UNSIGNED NOT NULL,
  `goal_title` varchar(255) NOT NULL,
  `goal_description` text DEFAULT NULL,
  `goal_type` enum('short-term','long-term') NOT NULL,
  `start_date` date NOT NULL,
  `end_date` date NOT NULL,
  `progress` int(11) DEFAULT 0 CHECK (`progress` between 0 and 100),
  `status` enum('in-progress','completed','failed') DEFAULT 'in-progress',
  `reminder_time` datetime DEFAULT NULL,
  `created_at` timestamp NOT NULL DEFAULT current_timestamp()
) ENGINE=InnoDB DEFAULT CHARSET=utf8mb4 COLLATE=utf8mb4_general_ci;

--
-- Dumping data for table `goals`
--

INSERT INTO `goals` (`goal_id`, `user_id`, `goal_title`, `goal_description`, `goal_type`, `start_date`, `end_date`, `progress`, `status`, `reminder_time`, `created_at`) VALUES
(2, 1, 'Get Fit', 'Run 10 miles everyweek for a month', 'short-term', '2025-01-01', '2025-02-02', 50, 'failed', '2025-01-01 01:01:00', '2025-02-20 01:57:36'),
(3, 1, 'Study', 'learn Java', 'long-term', '2025-04-10', '2025-05-10', 50, 'in-progress', '2025-01-01 11:11:00', '2025-02-20 05:18:29'),
(4, 2, 'Yoga Class', 'Attend class', 'long-term', '2025-02-28', '2025-03-08', 50, 'failed', '2025-02-27 14:55:00', '2025-02-20 06:54:09'),
(5, 17, 'ytytytytty', 'yt', 'long-term', '2049-12-01', '2049-12-28', 0, 'in-progress', '2025-03-08 22:22:00', '2025-03-08 14:23:00'),
(6, 1, 'Complete Final Year Project', 'Finish the coding and documentation of the capstone project before submission date.', 'long-term', '2025-03-01', '2025-06-01', 45, 'in-progress', '2025-04-10 09:00:00', '2025-04-08 15:05:30'),
(7, 1, 'Pass All Midterm Exams', 'Revise all lecture materials and attempt past year questions.', 'short-term', '2025-04-01', '2025-04-20', 60, 'in-progress', '2025-04-09 20:00:00', '2025-04-08 15:05:30'),
(8, 2, 'Grow Online Portfolio', 'Add at least 5 new portfolio projects and improve SEO.', 'long-term', '2025-01-15', '2025-05-30', 70, 'in-progress', '2025-04-10 08:30:00', '2025-04-08 15:05:30'),
(9, 2, 'Secure 2 New Clients This Month', 'Send proposals and follow-ups to potential clients on Upwork.', 'short-term', '2025-04-01', '2025-04-30', 40, 'in-progress', '2025-04-08 19:00:00', '2025-04-08 15:05:30'),
(10, 3, 'Launch New Feature', 'Coordinate with the dev team and QA to ship the new analytics module.', 'long-term', '2025-02-20', '2025-05-15', 80, 'in-progress', '2025-04-10 10:00:00', '2025-04-08 15:05:30'),
(11, 3, 'Reduce Bug Backlog by 50%', 'Work with QA to fix and close existing issues.', 'short-term', '2025-04-01', '2025-04-20', 50, 'in-progress', '2025-04-09 17:00:00', '2025-04-08 15:05:30'),
(13, 1, 'asd', 'asd', 'long-term', '2025-04-14', '2025-04-23', 50, 'in-progress', '2025-04-09 09:30:00', '2025-04-09 01:26:20');

-- --------------------------------------------------------

--
-- Table structure for table `groupbannedusers`
--

CREATE TABLE `groupbannedusers` (
  `id` int(11) NOT NULL,
  `created_time` datetime NOT NULL DEFAULT current_timestamp(),
  `GroupID` int(11) NOT NULL,
  `UserID` int(11) UNSIGNED NOT NULL
) ENGINE=InnoDB DEFAULT CHARSET=utf8mb4 COLLATE=utf8mb4_general_ci;

-- --------------------------------------------------------

--
-- Table structure for table `groupchat`
--

CREATE TABLE `groupchat` (
  `GroupMessageID` int(11) NOT NULL,
  `GroupMessage` varchar(255) NOT NULL,
  `CreatedTime` timestamp NOT NULL DEFAULT current_timestamp(),
  `GroupID` int(11) NOT NULL,
  `GroupMessageStatus` enum('Seen','Delivered') NOT NULL DEFAULT 'Delivered',
  `GroupStatus` enum('muted','none') NOT NULL DEFAULT 'none',
  `GroupMessageType` enum('TEXT','FILE','VIDEO','AUDIO','IMAGE') DEFAULT 'TEXT',
  `user_id` int(10) UNSIGNED NOT NULL
) ENGINE=InnoDB DEFAULT CHARSET=utf8mb4 COLLATE=utf8mb4_general_ci;

--
-- Dumping data for table `groupchat`
--

INSERT INTO `groupchat` (`GroupMessageID`, `GroupMessage`, `CreatedTime`, `GroupID`, `GroupMessageStatus`, `GroupStatus`, `GroupMessageType`, `user_id`) VALUES
(1, 'hallo', '2025-03-29 21:27:58', 1, 'Delivered', 'none', 'TEXT', 1),
(2, '233232', '2025-03-29 21:42:51', 1, 'Delivered', 'none', 'TEXT', 17),
(3, 'hallo', '2025-04-09 01:30:24', 1, 'Delivered', 'none', 'TEXT', 3),
(4, 'hallo', '2025-04-09 01:30:37', 1, 'Delivered', 'none', 'TEXT', 1);

-- --------------------------------------------------------

--
-- Table structure for table `groupinfo`
--

CREATE TABLE `groupinfo` (
  `id` int(11) NOT NULL,
  `GroupName` varchar(50) NOT NULL,
  `GroupDesc` varchar(100) NOT NULL,
  `GroupMemberNo` int(11) NOT NULL DEFAULT 0,
  `GroupCreatedTime` datetime NOT NULL DEFAULT current_timestamp(),
  `GroupStatus` varchar(10) NOT NULL
) ENGINE=InnoDB DEFAULT CHARSET=utf8mb4 COLLATE=utf8mb4_general_ci;

--
-- Dumping data for table `groupinfo`
--

INSERT INTO `groupinfo` (`id`, `GroupName`, `GroupDesc`, `GroupMemberNo`, `GroupCreatedTime`, `GroupStatus`) VALUES
(1, 'Sigma_1743283351', 'qwwqwq', 2, '2025-03-30 05:22:31', ''),
(2, 'Test_1744162299', 'Hello', 3, '2025-04-09 09:31:39', 'Muted');

-- --------------------------------------------------------

--
-- Table structure for table `groupusers`
--

CREATE TABLE `groupusers` (
  `GroupID` int(11) NOT NULL,
  `GroupRole` enum('ADMIN','CO_ADMIN','MEMBER') NOT NULL DEFAULT 'MEMBER',
  `GroupUserStatus` enum('Muted','Banned','None') NOT NULL DEFAULT 'None',
  `CreatedTime` timestamp NOT NULL DEFAULT current_timestamp(),
  `UserID` int(10) UNSIGNED NOT NULL,
  `GroupInfoID` int(11) NOT NULL
) ENGINE=InnoDB DEFAULT CHARSET=utf8mb4 COLLATE=utf8mb4_general_ci;

--
-- Dumping data for table `groupusers`
--

INSERT INTO `groupusers` (`GroupID`, `GroupRole`, `GroupUserStatus`, `CreatedTime`, `UserID`, `GroupInfoID`) VALUES
(4, 'ADMIN', 'None', '2025-03-29 21:22:58', 18, 1),
(6, 'MEMBER', 'None', '2025-04-09 01:31:39', 2, 2),
(7, 'ADMIN', 'None', '2025-04-09 01:31:39', 1, 2),
(8, 'MEMBER', 'Muted', '2025-04-09 01:31:47', 3, 2);

-- --------------------------------------------------------

--
-- Table structure for table `group_tasks`
--

CREATE TABLE `group_tasks` (
  `id` int(11) UNSIGNED NOT NULL,
  `team_name` varchar(255) NOT NULL,
  `assigned_by` int(10) UNSIGNED NOT NULL,
  `assigned_to` int(10) UNSIGNED NOT NULL,
  `task_name` varchar(255) NOT NULL,
  `task_description` text NOT NULL,
  `status` enum('pending','in progress','completed') DEFAULT 'pending',
  `assigned_at` timestamp NOT NULL DEFAULT current_timestamp(),
  `due_date` date NOT NULL,
  `completed_at` datetime DEFAULT NULL
) ENGINE=InnoDB DEFAULT CHARSET=utf8mb4 COLLATE=utf8mb4_general_ci;

--
-- Dumping data for table `group_tasks`
--

INSERT INTO `group_tasks` (`id`, `team_name`, `assigned_by`, `assigned_to`, `task_name`, `task_description`, `status`, `assigned_at`, `due_date`, `completed_at`) VALUES
(2, 'asd', 1, 1, 'Test', 'asd', 'in progress', '2025-03-24 09:23:49', '2025-05-02', '2025-03-30 09:57:11'),
(3, 'Team Alpha', 3, 3, 'Exmaple task', 'asdasd', 'pending', '2025-04-08 14:33:46', '2025-04-17', NULL);

--
-- Triggers `group_tasks`
--
DELIMITER $$
CREATE TRIGGER `update_group_task_completed_time` BEFORE UPDATE ON `group_tasks` FOR EACH ROW BEGIN
    IF NEW.status = 'completed' AND OLD.status != 'completed' THEN
        SET NEW.completed_at = NOW();
    END IF;
END
$$
DELIMITER ;

-- --------------------------------------------------------

--
-- Table structure for table `notifications`
--

CREATE TABLE `notifications` (
  `id` int(11) NOT NULL,
  `user_id` int(10) UNSIGNED NOT NULL,
  `message_id` int(11) DEFAULT NULL,
  `sender_id` int(10) UNSIGNED DEFAULT NULL,
  `type` enum('DirectMessage','system','GroupMessage') NOT NULL,
  `notification_message` varchar(255) DEFAULT NULL,
  `status` enum('unread','read') DEFAULT 'unread',
  `created_at` timestamp NOT NULL DEFAULT current_timestamp()
) ENGINE=InnoDB DEFAULT CHARSET=utf8mb4 COLLATE=utf8mb4_general_ci;

--
-- Dumping data for table `notifications`
--

INSERT INTO `notifications` (`id`, `user_id`, `message_id`, `sender_id`, `type`, `notification_message`, `status`, `created_at`) VALUES
(1, 17, NULL, NULL, 'system', 'Welcome back! Your account is now active.', 'unread', '2025-03-30 02:13:27'),
(2, 17, NULL, NULL, 'system', 'Welcome back! Your account is now active.', 'unread', '2025-03-30 02:33:56'),
(3, 1, NULL, NULL, 'system', 'Welcome back! Your account is now active.', 'read', '2025-03-30 11:24:27'),
(4, 24, NULL, NULL, 'system', 'Welcome back! Your account is now active.', 'unread', '2025-03-30 14:11:16'),
(6, 25, NULL, NULL, 'system', 'Welcome back! Your account is now active.', 'unread', '2025-03-30 14:29:11'),
(7, 25, NULL, NULL, 'system', 'Welcome back! Your account is now active.', 'unread', '2025-04-07 03:21:46'),
(8, 25, NULL, NULL, 'system', 'Welcome back! Your account is now active.', 'unread', '2025-04-07 03:21:57'),
(11, 25, NULL, NULL, 'system', 'Welcome back! Your account is now active.', 'unread', '2025-04-07 14:28:10'),
(13, 25, NULL, NULL, 'system', 'Welcome back! Your account is now active.', 'unread', '2025-04-08 14:01:05'),
(14, 3, NULL, NULL, 'system', 'Welcome back! Your account is now active.', 'read', '2025-04-08 14:32:48'),
(15, 1, NULL, NULL, 'system', 'Reminder: Your goal \'test\' is due at 2025-04-08 23:09:00!', 'read', '2025-04-08 15:09:17'),
(16, 25, NULL, NULL, 'system', 'Welcome back! Your account is now active.', 'unread', '2025-04-08 15:18:40'),
(17, 2, NULL, NULL, 'system', 'Your task \'Group Presentation222\' has been updated by moderator.', 'unread', '2025-04-09 00:22:32'),
(18, 2, NULL, NULL, 'system', 'Your task \'Group Presentation222\' has been updated by moderator.', 'unread', '2025-04-09 00:24:05'),
(19, 2, NULL, NULL, 'system', 'Your task \'Group Presentation222\' has been updated by moderator.', 'unread', '2025-04-09 00:24:09'),
(20, 2, NULL, NULL, 'system', 'Your task \'Group Presentation\' has been updated by moderator.', 'unread', '2025-04-09 00:24:13'),
(21, 3, NULL, NULL, 'system', 'Welcome back! Your account is now active.', 'read', '2025-04-09 00:26:47'),
(22, 1, NULL, NULL, 'system', 'Welcome back! Your account is now active.', 'read', '2025-04-09 00:33:52'),
(23, 3, NULL, NULL, 'system', 'Welcome back! Your account is now active.', 'unread', '2025-04-09 01:09:40'),
(24, 19, NULL, NULL, 'system', 'Welcome back! Your account is now active.', 'unread', '2025-04-09 01:15:03'),
(25, 25, NULL, NULL, 'system', 'Welcome back! Your account is now active.', 'unread', '2025-04-09 01:15:28'),
(26, 1, NULL, NULL, 'system', 'Reminder: Your goal \'asd\' is due at 2025-04-09 09:30:00!', 'read', '2025-04-09 01:26:36'),
(27, 3, NULL, NULL, 'system', 'Welcome back! Your account is now active.', 'unread', '2025-04-09 01:28:11'),
(28, 1, NULL, NULL, 'system', 'Welcome back! Your account is now active.', 'unread', '2025-04-09 01:33:21'),
(29, 3, NULL, NULL, 'system', 'Welcome back! Your account is now active.', 'unread', '2025-04-09 01:36:59'),
(30, 25, NULL, NULL, 'system', 'Welcome back! Your account is now active.', 'unread', '2025-04-09 01:37:30'),
(31, 21, NULL, NULL, 'system', 'Your task \'zxczxcxzxzmcnbxzcmzxbcxzcAAAAAAAAAAAAAAAAAAAAAAAAAAAAAA\' has been updated by moderator.', 'unread', '2025-04-09 01:39:48'),
(32, 1, NULL, NULL, 'system', 'Your task \'Test\' has been updated by moderator.', 'unread', '2025-04-09 01:39:57'),
(33, 14, NULL, NULL, 'system', 'A new task \'asd\' has been assigned to you.', 'unread', '2025-04-09 01:40:06'),
(34, 24, NULL, NULL, 'system', 'Welcome back! Your account is now active.', 'unread', '2025-04-09 01:41:42'),
(35, 24, NULL, NULL, 'system', 'Welcome back! Your account is now active.', 'unread', '2025-04-09 01:42:17'),
(36, 26, NULL, NULL, 'system', 'Welcome back! Your account is now active.', 'unread', '2025-04-09 01:42:23');

-- --------------------------------------------------------

--
-- Table structure for table `survey_responses`
--

CREATE TABLE `survey_responses` (
  `id` int(11) NOT NULL,
  `username` varchar(255) NOT NULL,
  `email` varchar(255) NOT NULL,
  `profession_role` varchar(255) NOT NULL,
  `ease_of_use` varchar(255) NOT NULL,
  `most_used_feature` varchar(255) NOT NULL,
  `impact` varchar(255) NOT NULL,
  `suggestions` text NOT NULL
) ENGINE=InnoDB DEFAULT CHARSET=utf8mb4 COLLATE=utf8mb4_general_ci;

--
-- Dumping data for table `survey_responses`
--

INSERT INTO `survey_responses` (`id`, `username`, `email`, `profession_role`, `ease_of_use`, `most_used_feature`, `impact`, `suggestions`) VALUES
(9, 'John Doe', 'user1@gmail.com', 'entrepreneur', 'easy', 'calendar', 'significantly-more', 'test'),
(10, 'Username_123', 'user1@gmail.com', 'corporate-executive', 'very-easy', 'calendar', 'significantly-more', 'Test'),
(11, 'Username_123', 'user1@gmail.com', 'corporate-executive', 'very-easy', 'calendar', 'significantly-more', 'Test'),
(12, 'Username_123', 'user1@gmail.com', 'corporate-executive', 'very-easy', 'calendar', 'significantly-more', 'Test'),
(13, 'Poopies', 'poopies@gmail.com', 'entrepreneur', 'easy', 'task-management', 'significantly-more', 'Hello'),
(14, 'hengjunkai', 'hengjunkai@gmail.com', 'freelancer', 'easy', 'calendar', 'significantly-more', 'asd');

-- --------------------------------------------------------

--
-- Table structure for table `tasks`
--

CREATE TABLE `tasks` (
  `id` int(10) UNSIGNED NOT NULL,
  `task_title` varchar(255) NOT NULL,
  `task_desc` text DEFAULT NULL,
  `start_date` date NOT NULL,
  `start_time` time NOT NULL,
  `end_time` time NOT NULL,
  `created_at` timestamp NOT NULL DEFAULT current_timestamp(),
  `user_id` int(10) UNSIGNED NOT NULL,
  `status` enum('Incomplete','Complete','Timeout') DEFAULT 'Incomplete',
  `category` varchar(255) NOT NULL,
  `end_date` date DEFAULT NULL,
  `completed_at` datetime DEFAULT NULL
) ENGINE=InnoDB DEFAULT CHARSET=utf8mb4 COLLATE=utf8mb4_general_ci;

--
-- Dumping data for table `tasks`
--

INSERT INTO `tasks` (`id`, `task_title`, `task_desc`, `start_date`, `start_time`, `end_time`, `created_at`, `user_id`, `status`, `category`, `end_date`, `completed_at`) VALUES
(4, 'Group Presentation', 'Prepare slides for History project.', '2025-02-26', '16:00:00', '17:30:00', '2025-02-25 13:34:25', 2, 'Complete', 'Collaboration', '2025-04-10', '2025-04-09 08:24:09'),
(6, 'Study for Biology Test', 'Memorize cell structures and functions.', '2025-02-27', '19:00:00', '21:00:00', '2025-02-25 13:34:25', 2, 'Timeout', 'Exam Preparation', '2025-03-16', NULL),
(7, 'Weekly Standup Meeting', 'Discuss project updates with team.', '2025-03-02', '09:00:00', '09:45:00', '2025-02-25 13:34:25', 3, 'Timeout', 'Meetings', '2025-03-16', '2025-04-08 22:37:13'),
(14, 'Employee Feedback Survey', 'Collect responses from team.', '2025-03-09', '12:00:00', '13:30:00', '2025-02-25 13:34:25', 5, 'Timeout', 'HR', '2025-02-28', NULL),
(15, 'Plan Team Retreat', 'Finalize location and agenda.', '2025-03-10', '14:00:00', '15:30:00', '2025-02-25 13:34:25', 5, 'Complete', 'Event Planning', '2025-02-28', NULL),
(86, '111', '111', '2025-03-04', '21:26:31', '21:26:32', '2025-03-04 13:26:31', 21, 'Complete', 'chenyee2', '2025-03-04', NULL),
(89, '111', '111', '2025-03-04', '22:20:00', '22:21:00', '2025-03-04 14:20:00', 21, 'Timeout', 'chenyee', '2025-03-04', NULL),
(93, 'asdsad', 'asdskgjshfkjashkjcdhsfkjhsdkfjsdahkfjhds', '2025-03-05', '12:25:12', '12:25:12', '2025-03-05 04:25:12', 21, 'Timeout', 'chenyee', '2025-03-17', NULL),
(96, 'zxczxcxzxzmcnbxzcmzxbcxzcAAAAAAAAAAAAAAAAAAAAAAAAAAAAAA', 'QQQQQQQQQQQQQQQQQQQQQQQQQQQQQQQQQQQQQQQQQQQQQQQQQQQQQQQQQQQQQQQQQQQQQQQQQQQQQQQQQQQQQQQQQQQQQQQQQQQQQQQQQQQQQQQQQQQQQQQQQ', '2025-03-06', '02:45:12', '03:45:12', '2025-03-05 18:45:12', 21, 'Timeout', 'chenyee2', '2025-03-06', NULL),
(98, 'zxczxcxzxzmcnbxzcmzxbcxzcAAAAAAAAAAAAAAAAAAAAAAAAAAAAAA', 'AAAAAAAAAAAAAAAAAAAAAAAAAAAAAAAAAAAAAAAAAAAAAAAAAAAAAAAAAAAAA', '2025-03-06', '17:27:30', '17:27:30', '2025-03-06 09:27:30', 18, 'Timeout', '2212121122112', '2025-03-07', NULL),
(109, 'Team Meeting', 'Weekly team meeting', '2025-03-02', '10:00:00', '11:00:00', '2025-03-24 14:14:06', 2, 'Complete', 'Meeting', '2025-03-02', '2025-03-02 11:00:00'),
(110, 'Client Presentation', 'Prepare and present to the client', '2025-03-04', '14:00:00', '16:00:00', '2025-03-24 14:14:06', 3, 'Timeout', 'new group[', '2025-03-04', '2025-04-08 22:47:49'),
(111, 'Fix Website Bugs', 'Resolve reported issues in the system', '2025-03-06', '12:00:00', '17:00:00', '2025-03-24 14:14:06', 4, 'Timeout', 'Development', '2025-03-08', NULL),
(112, 'Database Optimization', 'Improve database performance', '2025-02-25', '08:00:00', '12:00:00', '2025-03-24 14:14:06', 5, 'Timeout', 'Development', '2025-02-27', NULL),
(113, 'Write Blog Post', 'Create content for the company blog', '2025-03-07', '15:00:00', '17:30:00', '2025-03-24 14:14:06', 6, 'Timeout', 'Content', '2025-03-09', NULL),
(114, 'Marketing Strategy Planning', 'Plan the next marketing campaign', '2025-03-03', '13:00:00', '16:00:00', '2025-03-24 14:14:06', 7, 'Complete', 'Marketing', '2025-03-03', '2025-03-03 16:00:00'),
(115, 'Product Launch Prep', 'Finalize launch details for new product', '2025-02-20', '09:00:00', '17:00:00', '2025-03-24 14:14:06', 8, 'Timeout', 'Product', '2025-02-25', NULL),
(124, '2222', NULL, '0000-00-00', '00:00:00', '00:00:00', '2025-03-29 18:41:07', 17, 'Incomplete', '', NULL, NULL),
(125, '333', NULL, '0000-00-00', '00:00:00', '00:00:00', '2025-03-29 18:42:37', 17, 'Incomplete', '', NULL, NULL),
(126, 'zxczxcxzxzmcnbxzcmzxbcxzcAAAAAAAAAAAAAAAAAAAAAAAAAAAAAA', '101021', '2025-03-30', '02:43:15', '02:43:15', '2025-03-29 18:43:15', 17, 'Timeout', '333', '2025-03-31', NULL),
(127, 'zxczxcxzxzmcnbxzcmzxbcxzcAAAAAAAAAAAAAAAAAAAAAAAAAAAAAA', 'qwq', '2025-03-30', '02:43:45', '03:43:45', '2025-03-29 18:43:45', 17, 'Timeout', '333', '2025-03-30', NULL),
(143, '333', NULL, '0000-00-00', '00:00:00', '00:00:00', '2025-03-30 13:42:27', 1, 'Incomplete', '', NULL, NULL),
(146, 'new group[', NULL, '0000-00-00', '00:00:00', '00:00:00', '2025-04-08 14:37:18', 3, 'Incomplete', '', NULL, NULL),
(159, 'Finish Math Assignment', 'Complete chapter 5 exercises and upload to LMS', '2025-04-08', '14:00:00', '16:00:00', '2025-04-08 15:01:24', 1, 'Timeout', 'Cooks', '2025-04-08', NULL),
(160, 'Group Project Meeting', 'Discuss database schema with group members via Zoom', '2025-04-09', '10:00:00', '11:00:00', '2025-04-08 15:01:24', 2, 'Incomplete', 'Teamwork', '2025-04-09', NULL),
(161, 'Daily Standup Meeting', 'Attend the 15-minute team sync-up on project status', '2025-04-08', '09:00:00', '09:15:00', '2025-04-08 15:01:24', 3, 'Timeout', 'Work', '2025-04-08', NULL),
(162, 'Update Sprint Board', 'Move completed tasks and update story points in Jira', '2025-04-08', '11:00:00', '11:30:00', '2025-04-08 15:01:24', 4, 'Timeout', 'Agile', '2025-04-08', NULL),
(163, 'Client Email Follow-Up', 'Reply to client inquiries and share updated proposal', '2025-04-08', '13:00:00', '13:45:00', '2025-04-08 15:01:24', 5, 'Timeout', 'Communication', '2025-04-08', NULL),
(164, 'Team Report Review', 'Check and approve weekly progress reports', '2025-04-08', '15:00:00', '16:00:00', '2025-04-08 15:01:24', 6, 'Timeout', 'Reporting', '2025-04-08', NULL),
(165, 'Edit Product Photos', 'Retouch 10 photos for clients ecommerce site', '2025-04-08', '17:00:00', '18:30:00', '2025-04-08 15:01:24', 7, 'Timeout', 'Design', '2025-04-08', NULL),
(166, 'Invoice Submission', 'Send invoice for completed freelance writing gig', '2025-04-08', '19:00:00', '19:30:00', '2025-04-08 15:01:24', 8, 'Timeout', 'Finance', '2025-04-08', NULL),
(167, 'Plan Weekly Schedule', 'Set goals for the upcoming week using planner', '2025-04-07', '20:00:00', '20:30:00', '2025-04-08 15:01:24', 9, 'Timeout', 'Planning', '2025-04-07', NULL),
(168, 'Read Career Book', 'Read 20 pages of \"Deep Work\" by Cal Newport', '2025-04-07', '21:00:00', '22:00:00', '2025-04-08 15:01:24', 10, 'Timeout', 'Personal Growth', '2025-04-07', NULL),
(170, 'Submit Lab Report', 'Upload physics lab report to university portal', '2025-04-10', '08:00:00', '08:30:00', '2025-04-08 15:02:14', 2, 'Incomplete', 'Academic', '2025-04-10', NULL),
(172, 'Fix UI Bugs', 'Resolve the reported mobile responsiveness issues', '2025-04-08', '14:30:00', '16:30:00', '2025-04-08 15:02:14', 4, 'Timeout', 'Development', '2025-04-08', NULL),
(173, 'Create Presentation Slides', 'Prepare slides for client demo next week', '2025-04-09', '13:00:00', '15:00:00', '2025-04-08 15:02:14', 5, 'Incomplete', 'Work', '2025-04-09', NULL),
(174, 'Attend Training Session', 'Join HR-led soft skills training on communication', '2025-04-10', '11:00:00', '13:00:00', '2025-04-08 15:02:14', 6, 'Incomplete', 'Training', '2025-04-10', NULL),
(175, 'Write Blog Article', 'Complete 1200-word article on AI in healthcare', '2025-04-08', '18:00:00', '20:00:00', '2025-04-08 15:02:14', 7, 'Timeout', 'Writing', '2025-04-08', NULL),
(176, 'Portfolio Update', 'Add new designs to personal portfolio website', '2025-04-09', '09:00:00', '10:30:00', '2025-04-08 15:02:14', 8, 'Incomplete', 'Design', '2025-04-09', NULL),
(177, 'Weekly Budget Review', 'Check spending and set budget for next week', '2025-04-07', '17:00:00', '17:45:00', '2025-04-08 15:02:14', 9, 'Timeout', 'Finance', '2025-04-07', NULL),
(178, 'Organize Workspace', 'Clean desk and sort out documents and cables', '2025-04-07', '18:00:00', '18:45:00', '2025-04-08 15:02:14', 10, 'Timeout', 'Personal', '2025-04-07', NULL),
(180, 'Submit Lab Report', 'Upload physics lab report to university portal', '2025-04-10', '08:00:00', '08:30:00', '2025-04-08 15:02:14', 2, 'Incomplete', 'Academic', '2025-04-10', NULL),
(182, 'Fix UI Bugs', 'Resolve the reported mobile responsiveness issues', '2025-04-08', '14:30:00', '16:30:00', '2025-04-08 15:02:14', 4, 'Timeout', 'Development', '2025-04-08', NULL),
(183, 'Create Presentation Slides', 'Prepare slides for client demo next week', '2025-04-09', '13:00:00', '15:00:00', '2025-04-08 15:02:14', 5, 'Incomplete', 'Work', '2025-04-09', NULL),
(184, 'Attend Training Session', 'Join HR-led soft skills training on communication', '2025-04-10', '11:00:00', '13:00:00', '2025-04-08 15:02:14', 6, 'Incomplete', 'Training', '2025-04-10', NULL),
(185, 'Write Blog Article', 'Complete 1200-word article on AI in healthcare', '2025-04-08', '18:00:00', '20:00:00', '2025-04-08 15:02:14', 7, 'Timeout', 'Writing', '2025-04-08', NULL),
(186, 'Portfolio Update', 'Add new designs to personal portfolio website', '2025-04-09', '09:00:00', '10:30:00', '2025-04-08 15:02:14', 8, 'Incomplete', 'Design', '2025-04-09', NULL),
(187, 'Weekly Budget Review', 'Check spending and set budget for next week', '2025-04-07', '17:00:00', '17:45:00', '2025-04-08 15:02:14', 9, 'Timeout', 'Finance', '2025-04-07', NULL),
(188, 'Organize Workspace', 'Clean desk and sort out documents and cables', '2025-04-07', '18:00:00', '18:45:00', '2025-04-08 15:02:14', 10, 'Timeout', 'Personal', '2025-04-07', NULL),
(189, 'test', 'test', '2025-04-08', '23:03:23', '23:03:23', '2025-04-08 15:03:23', 3, 'Incomplete', 'Meetings', '2025-04-09', NULL),
(191, 'Cooks', NULL, '0000-00-00', '00:00:00', '00:00:00', '2025-04-09 01:22:09', 1, 'Incomplete', '', NULL, NULL),
(192, 'Group Presentation', 'www', '2025-04-09', '09:22:22', '09:22:23', '2025-04-09 01:22:22', 1, 'Timeout', '333', '2025-04-09', '2025-04-09 09:23:37'),
(194, '333', NULL, '2025-04-09', '09:25:31', '09:25:31', '2025-04-09 01:25:31', 1, 'Incomplete', '', '2025-04-12', NULL),
(196, 'asd', 'asd', '2025-04-09', '00:00:00', '00:00:00', '2025-04-09 01:40:06', 14, 'Incomplete', 'asd', '2025-04-24', NULL);

--
-- Triggers `tasks`
--
DELIMITER $$
CREATE TRIGGER `update_completed_time` BEFORE UPDATE ON `tasks` FOR EACH ROW BEGIN
    IF NEW.status = 'Complete' AND OLD.status != 'Complete' THEN
        SET NEW.completed_at = NOW();
    END IF;
END
$$
DELIMITER ;
DELIMITER $$
CREATE TRIGGER `update_task_status_timeout` BEFORE UPDATE ON `tasks` FOR EACH ROW BEGIN
    IF NEW.end_date < NOW() AND NEW.status != 'completed' THEN
        SET NEW.status = 'Timeout';
    END IF;
END
$$
DELIMITER ;

-- --------------------------------------------------------

--
-- Table structure for table `team`
--

CREATE TABLE `team` (
  `id` int(10) UNSIGNED NOT NULL,
  `team_name` varchar(255) NOT NULL,
  `leader_id` int(10) UNSIGNED NOT NULL,
  `member_id` int(10) UNSIGNED NOT NULL,
  `created_at` timestamp NOT NULL DEFAULT current_timestamp()
) ENGINE=InnoDB DEFAULT CHARSET=utf8mb4 COLLATE=utf8mb4_general_ci;

--
-- Dumping data for table `team`
--

INSERT INTO `team` (`id`, `team_name`, `leader_id`, `member_id`, `created_at`) VALUES
(24, '1234', 17, 17, '2025-03-08 06:41:48'),
(36, 'Alpha Squad', 1, 2, '2025-04-09 00:35:36'),
(37, 'Bravo Team', 2, 2, '2025-04-09 00:35:36'),
(38, 'Bravo Team', 2, 3, '2025-04-09 00:35:36'),
(39, 'Charlie Force', 3, 3, '2025-04-09 00:35:36'),
(40, 'Charlie Force', 3, 4, '2025-04-09 00:35:36'),
(41, 'Delta Unit', 4, 4, '2025-04-09 00:35:36'),
(42, 'Delta Unit', 4, 5, '2025-04-09 00:35:36'),
(43, 'Echo Crew', 5, 5, '2025-04-09 00:35:36'),
(44, 'Echo Crew', 5, 6, '2025-04-09 00:35:36'),
(45, 'Falcon Group', 6, 6, '2025-04-09 00:35:36'),
(46, 'Falcon Group', 6, 7, '2025-04-09 00:35:36'),
(47, 'Ghost Ops', 7, 7, '2025-04-09 00:35:36'),
(48, 'Ghost Ops', 7, 8, '2025-04-09 00:35:36'),
(49, 'Hawk Squad', 8, 8, '2025-04-09 00:35:36'),
(50, 'Hawk Squad', 8, 9, '2025-04-09 00:35:36'),
(51, 'Iron Team', 9, 9, '2025-04-09 00:35:36'),
(52, 'Iron Team', 9, 10, '2025-04-09 00:35:36'),
(53, 'Jaguar Pack', 10, 10, '2025-04-09 00:35:36'),
(54, 'Jaguar Pack', 10, 1, '2025-04-09 00:35:36');

-- --------------------------------------------------------

--
-- Table structure for table `userblocks`
--

CREATE TABLE `userblocks` (
  `BlockID` int(11) NOT NULL,
  `blocker_id` int(10) UNSIGNED NOT NULL,
  `blocked_id` int(10) UNSIGNED NOT NULL,
  `Created_time` datetime NOT NULL DEFAULT current_timestamp()
) ENGINE=InnoDB DEFAULT CHARSET=utf8mb4 COLLATE=utf8mb4_general_ci;

--
-- Dumping data for table `userblocks`
--

INSERT INTO `userblocks` (`BlockID`, `blocker_id`, `blocked_id`, `Created_time`) VALUES
(2, 1, 1, '2025-04-08 21:53:31'),
(3, 1, 1, '2025-04-08 22:24:28'),
(4, 1, 1, '2025-04-08 22:24:37'),
(5, 1, 1, '2025-04-08 22:25:10'),
(6, 1, 1, '2025-04-08 22:25:43'),
(7, 1, 1, '2025-04-08 22:29:27'),
(8, 3, 1, '2025-04-09 09:32:38');

-- --------------------------------------------------------

--
-- Table structure for table `users`
--

CREATE TABLE `users` (
  `id` int(10) UNSIGNED NOT NULL,
  `name` varchar(255) NOT NULL,
  `email` varchar(255) NOT NULL,
  `password` varchar(255) NOT NULL,
  `created_at` timestamp NOT NULL DEFAULT current_timestamp(),
  `usertype` tinyint(1) DEFAULT 0,
  `last_login` timestamp NOT NULL DEFAULT current_timestamp(),
  `auth_token` varchar(255) DEFAULT NULL,
  `token_expires` datetime DEFAULT NULL,
  `UserStatus` enum('Active','Inactive','Suspended') NOT NULL DEFAULT 'Active',
  `suspension_end` datetime DEFAULT NULL,
  `suspension_reason` text DEFAULT NULL
) ENGINE=InnoDB DEFAULT CHARSET=utf8mb4 COLLATE=utf8mb4_general_ci;

--
-- Dumping data for table `users`
--

INSERT INTO `users` (`id`, `name`, `email`, `password`, `created_at`, `usertype`, `last_login`, `auth_token`, `token_expires`, `UserStatus`, `suspension_end`, `suspension_reason`) VALUES
(1, 'John Doe', 'john@gmail.com', '$2y$10$3.GKNZbgb/n2CY2zfikzG.ePY7txx2WoK.aCIr2mVuLMnU5C/zE1i', '2025-02-17 01:11:39', 0, '2025-04-16 03:18:29', '2ded203b1b31a97ffbb3b7734ad06882f6d1eaaa3be83a97', '2025-05-16 11:18:27', 'Active', NULL, NULL),
(2, 'Jane Smith', 'janesmith@gmail.com', 'J@ne2024!', '2025-02-17 01:11:39', 0, '2025-02-17 06:21:59', NULL, NULL, 'Inactive', NULL, NULL),
(3, 'Michael Brown', 'michaelbrown@gmail.com', '$2y$10$QjShhaY12bMcUho5yhtneeFb4ePznVFpPdzSn4HwZTuCq9wFsUlxe', '2025-02-17 01:11:39', 0, '2025-04-09 01:42:49', '67e66a4652606dfd66c77a10190668678151c53fc35c144c', '2025-05-09 09:28:11', 'Inactive', NULL, NULL),
(4, 'Sarah Lee', 'sarahlee@gmail.com', 'S@rah2024#', '2025-02-17 01:11:39', 0, '2025-02-17 06:21:59', NULL, NULL, 'Inactive', NULL, NULL),
(5, 'David Clark', 'davidclark@gmail.com', 'D@vid2024$', '2025-02-17 01:11:39', 0, '2025-02-17 06:21:59', NULL, NULL, 'Inactive', NULL, NULL),
(6, 'alex_walker', 'alex.walker@gmail.com', 'password6', '2025-02-20 08:50:23', 0, '2025-02-20 08:50:23', NULL, NULL, 'Inactive', '2025-03-30 00:18:07', ''),
(7, 'sophia_martin', 'sophia.martin@gmail.com', 'password7', '2025-02-20 08:50:23', 0, '2025-02-20 08:50:23', NULL, NULL, 'Inactive', '2025-03-30 00:18:11', ''),
(8, 'daniel_ross', 'daniel.ross@gmail.com', 'password8', '2025-01-20 08:50:23', 0, '2025-03-23 08:50:23', NULL, NULL, 'Inactive', NULL, NULL),
(9, 'olivia_clark', 'olivia.clark@gmail.com', 'password9', '2025-02-20 08:50:23', 0, '2025-03-24 08:50:23', NULL, NULL, 'Inactive', NULL, NULL),
(10, 'liam_jackson', 'liam.jackson@gmail.com', 'password10', '2025-02-20 08:50:23', 0, '2025-02-20 08:50:23', NULL, NULL, 'Inactive', NULL, NULL),
(11, 'emma_white', 'emma.white@gmail.com', 'password11', '2025-02-20 08:50:23', 0, '2025-02-20 08:50:23', NULL, NULL, 'Inactive', NULL, NULL),
(12, 'mason_harris', 'mason.harris@gmail.com', 'password12', '2025-02-20 08:50:23', 0, '2025-02-20 08:50:23', NULL, NULL, 'Inactive', NULL, NULL),
(13, 'ava_mitchell', 'ava.mitchell@gmail.com', 'password13', '2025-02-20 08:50:23', 0, '2025-02-20 08:50:23', NULL, NULL, 'Inactive', NULL, NULL),
(14, 'james_anderson', 'james.anderson@gmail.com', 'password14', '2025-02-20 08:50:23', 0, '2025-02-20 08:50:23', NULL, NULL, 'Inactive', NULL, NULL),
(15, 'mia taylor', 'mia.taylor@gmail.com', 'password15', '2025-02-20 08:50:23', 0, '2025-02-20 08:50:23', NULL, NULL, 'Inactive', NULL, NULL),
(16, 'ethan_brown', 'ethan.brown@gmail.com', 'password16', '2025-02-20 08:50:23', 0, '2025-02-20 08:50:23', NULL, NULL, 'Inactive', NULL, NULL),
(17, 'test', 'test@gmail.com', '$2y$10$OR6hXE2j5g6gTuFBKyLoJOiB5k0Glyqf1kgHhzqNSheDT8Y2k2Gs.', '2025-02-17 13:20:03', 2, '2025-03-30 02:33:56', '07048944dc0d0482902b2f6392de9c785a17c69f9c4d614f', '2025-04-29 10:34:05', 'Inactive', NULL, NULL),
(18, 'Yee', 'Nig@gmail.com', '$2y$10$F/.tbsbJOOK1ODoQGhYUAOPLKH4kmgW2e.X46rOoyJR/aWXl0KryG', '2025-03-03 15:46:03', 0, '2025-03-03 15:46:03', '5c5078cbe522a3e39cf0951d37a86839e4232c8c7ea2675f', '2025-04-05 17:09:40', 'Inactive', NULL, NULL),
(19, 'www', 'Ni@gmail.com', '$2y$10$5HSbH8dhNmIkmdfalwYosentLkSFBBA4lsI0jb6mCDyu7GXFhCUwC', '2025-03-03 15:55:45', 0, '2025-04-09 01:15:05', 'a42f9493d7b873ae4c8dd737b06082c99e70d2339fa07957', '2025-05-09 09:15:03', 'Inactive', NULL, NULL),
(20, '', 'lol@gmail.com', '$2y$10$zgdFk0MJIu8Q1M8tEchu9e45S3HiSu5RnqxYSwVcJFSsibQ4z147S', '2025-03-03 16:02:23', 0, '2025-03-03 16:02:23', NULL, NULL, '', NULL, NULL),
(21, 'www', 'loltian8112@gmail.com', '$2y$10$S0Tw64FW1i/X6pTLBj//peUMeFTqmOdargIKXsgQp/1TXG5pMV966', '2025-03-03 18:21:08', 0, '2025-03-03 18:21:08', '237a0047c7d8d70571c0c9d4bf1defedb36b931794cae731', '2025-04-05 15:52:03', 'Inactive', NULL, NULL),
(22, 'test', 'asd@gmail.com', '$2y$10$5jYUnNCpbAz87/tRJ6RDku9VHJwj.Yrks9EL/6033H/cDvR4S5eRq', '2025-03-24 07:44:58', 0, '2025-01-22 07:44:58', '5652e4daa190d822bd759b219206fdb79b72dbccd5365c38', '2025-04-23 15:45:04', 'Inactive', '2025-03-30 00:18:01', ''),
(23, 'user1asd', 'aasdsadd@gmail.com', '$2y$10$WryLQd5vgsXuwT5jpTnFSe7ACmw5JCxCTenf3b.TdJpVxMyL/wOFu', '2025-03-24 11:52:38', 0, '2025-03-24 11:52:38', NULL, NULL, 'Inactive', NULL, ''),
(24, 'Admin', 'admin@gmail.com', '$2y$10$v26PlIub5VDYq3KBCoVIROBcEJ72K3Lsu22NSJgbQARdcS8sD9iay', '2025-03-29 15:38:53', 1, '2025-04-09 01:43:44', '8923e0627828930447b8e82d11269a934f241d20ffb8f111', '2025-05-09 09:41:42', 'Inactive', NULL, NULL),
(25, 'Moderator', 'c@gmail.com', '$2y$10$yI/K2N/ZRvxUFN4hV/pRau85xqfnkxNKtAbHFIT1HZmDSkJc0EIT2', '2025-03-30 13:58:16', 2, '2025-04-09 01:41:31', '05f57070feb8c6280b33dfd5202377c6e3e5339b3f634792', '2025-05-09 09:41:06', 'Inactive', NULL, NULL),
(26, 'Laukh5', 'laukh@gmail.com', '$2y$10$ufIWXRJyGzWzFl6W3mHXCusFKQ8aMuF8rF4zjbS6WL1FH7Q0RK6JO', '2025-04-09 01:13:50', 0, '2025-04-09 01:43:02', '8c735d79d2677100b82b6d26453114f4b1ee7ae234b88ad3', '2025-05-09 09:43:00', 'Inactive', NULL, NULL);

--
-- Triggers `users`
--
DELIMITER $$
CREATE TRIGGER `activate_user_on_login` BEFORE UPDATE ON `users` FOR EACH ROW BEGIN
    -- Check if the user is currently inactive and is logging in within 1 month
    IF OLD.UserStatus = 'Inactive' AND NEW.last_login >= NOW() - INTERVAL 1 MONTH THEN
        -- Set the status to Active
        SET NEW.UserStatus = 'Active';
    END IF;
END
$$
DELIMITER ;
DELIMITER $$
CREATE TRIGGER `before_user_update` BEFORE UPDATE ON `users` FOR EACH ROW BEGIN
    IF NEW.last_login < NOW() - INTERVAL 1 MONTH THEN
        SET NEW.UserStatus = 'Inactive';
    END IF;
END
$$
DELIMITER ;
DELIMITER $$
CREATE TRIGGER `welcome_back_notification` BEFORE UPDATE ON `users` FOR EACH ROW BEGIN
    IF OLD.UserStatus = 'Inactive' AND NEW.last_login >= NOW() - INTERVAL 1 DAY THEN

        SET NEW.UserStatus = 'Active';


        INSERT INTO notifications (user_id,type ,notification_message, created_at)
        VALUES (NEW.id, 'system','Welcome back! Your account is now active.', NOW());
    END IF;
END
$$
DELIMITER ;

-- --------------------------------------------------------

--
-- Table structure for table `user_activity_log`
--

CREATE TABLE `user_activity_log` (
  `log_id` int(10) UNSIGNED NOT NULL,
  `user_id` int(10) UNSIGNED NOT NULL,
  `timestamp` timestamp NOT NULL DEFAULT current_timestamp(),
  `status` enum('Login','Logout','Signup') NOT NULL,
  `result` enum('Success','Fail') NOT NULL
) ENGINE=InnoDB DEFAULT CHARSET=utf8mb4 COLLATE=utf8mb4_general_ci;

--
-- Dumping data for table `user_activity_log`
--

INSERT INTO `user_activity_log` (`log_id`, `user_id`, `timestamp`, `status`, `result`) VALUES
(1, 1, '2025-03-24 11:37:48', 'Login', 'Success'),
(2, 1, '2025-03-24 11:37:59', 'Login', 'Fail'),
(3, 1, '2025-03-24 11:42:57', 'Login', 'Success'),
(4, 1, '2025-03-24 11:45:37', 'Login', 'Success'),
(5, 1, '2025-03-24 11:48:07', 'Logout', 'Success'),
(6, 1, '2025-03-24 11:48:18', 'Login', 'Success'),
(7, 1, '2025-03-24 11:48:20', 'Logout', 'Success'),
(8, 23, '2025-03-24 11:52:38', 'Signup', 'Success'),
(9, 1, '2025-03-26 06:11:48', 'Login', 'Fail'),
(10, 1, '2025-03-26 06:13:18', 'Login', 'Success'),
(11, 1, '2025-03-27 11:33:45', 'Login', 'Success'),
(12, 1, '2025-03-27 18:33:09', 'Login', 'Success'),
(13, 1, '2025-03-28 12:40:28', 'Login', 'Success'),
(14, 1, '2025-03-29 08:20:51', 'Login', 'Success'),
(15, 1, '2025-03-29 15:49:16', 'Logout', 'Success'),
(16, 24, '2025-03-29 15:55:21', 'Logout', 'Success'),
(17, 24, '2025-03-29 15:59:59', 'Logout', 'Success'),
(18, 1, '2025-03-29 16:13:44', 'Logout', 'Success'),
(19, 19, '2025-03-29 16:15:14', 'Logout', 'Success'),
(20, 19, '2025-03-29 16:20:44', 'Logout', 'Success'),
(21, 19, '2025-03-29 16:21:11', 'Logout', 'Success'),
(22, 17, '2025-03-29 21:50:36', 'Logout', 'Success'),
(23, 17, '2025-03-30 02:13:27', 'Logout', 'Success'),
(24, 17, '2025-03-30 02:33:56', 'Logout', 'Success'),
(25, 1, '2025-03-30 11:24:27', 'Logout', 'Success'),
(26, 1, '2025-03-30 13:46:26', 'Logout', 'Success'),
(27, 25, '2025-03-30 13:58:16', 'Signup', 'Success'),
(28, 1, '2025-03-30 14:05:30', 'Logout', 'Success'),
(29, 1, '2025-03-30 14:28:40', 'Logout', 'Success'),
(30, 24, '2025-03-30 14:29:07', 'Logout', 'Success'),
(31, 25, '2025-03-30 14:29:35', 'Logout', 'Success'),
(32, 25, '2025-04-07 02:44:38', 'Logout', 'Success'),
(33, 25, '2025-04-07 02:44:52', 'Logout', 'Success'),
(34, 1, '2025-04-07 02:51:49', 'Logout', 'Success'),
(35, 1, '2025-04-07 03:21:53', 'Logout', 'Success'),
(36, 25, '2025-04-07 03:24:03', 'Logout', 'Success'),
(37, 25, '2025-04-07 03:24:13', 'Logout', 'Success'),
(38, 25, '2025-04-07 03:25:37', 'Logout', 'Success'),
(39, 1, '2025-04-07 03:26:57', 'Logout', 'Success'),
(40, 25, '2025-04-07 03:41:31', 'Logout', 'Success'),
(41, 1, '2025-04-07 14:10:54', 'Logout', 'Success'),
(42, 25, '2025-04-07 14:28:12', 'Logout', 'Success'),
(43, 24, '2025-04-07 14:28:17', 'Logout', 'Success'),
(44, 24, '2025-04-07 14:32:10', 'Logout', 'Success'),
(45, 25, '2025-04-07 14:33:29', 'Logout', 'Success'),
(46, 1, '2025-04-07 14:35:11', 'Logout', 'Success'),
(47, 25, '2025-04-08 13:50:16', 'Logout', 'Success'),
(48, 1, '2025-04-08 14:00:56', 'Logout', 'Success'),
(49, 25, '2025-04-08 14:24:01', 'Logout', 'Success'),
(50, 1, '2025-04-08 14:32:19', 'Logout', 'Success'),
(51, 3, '2025-04-08 15:05:44', 'Logout', 'Success'),
(52, 1, '2025-04-08 15:10:30', 'Logout', 'Success'),
(53, 3, '2025-04-08 15:11:00', 'Logout', 'Success'),
(54, 1, '2025-04-08 15:18:33', 'Logout', 'Success'),
(55, 25, '2025-04-08 15:18:48', 'Logout', 'Success'),
(56, 25, '2025-04-09 00:15:16', 'Logout', 'Success'),
(57, 25, '2025-04-09 00:26:26', 'Logout', 'Success'),
(58, 1, '2025-04-09 00:26:41', 'Logout', 'Success'),
(59, 3, '2025-04-09 00:33:46', 'Logout', 'Success'),
(60, 3, '2025-04-09 01:09:40', 'Logout', 'Success'),
(61, 26, '2025-04-09 01:13:50', 'Signup', 'Success'),
(62, 26, '2025-04-09 01:14:14', 'Logout', 'Success'),
(63, 19, '2025-04-09 01:15:05', 'Logout', 'Success'),
(64, 24, '2025-04-09 01:15:22', 'Logout', 'Success'),
(65, 25, '2025-04-09 01:15:29', 'Logout', 'Success'),
(66, 1, '2025-04-09 01:15:40', 'Logout', 'Success'),
(67, 1, '2025-04-09 01:37:21', 'Logout', 'Success'),
(68, 25, '2025-04-09 01:37:55', 'Logout', 'Success'),
(69, 1, '2025-04-09 01:38:08', 'Logout', 'Success'),
(70, 25, '2025-04-09 01:40:39', 'Logout', 'Success'),
(71, 1, '2025-04-09 01:41:03', 'Logout', 'Success'),
(72, 25, '2025-04-09 01:41:31', 'Logout', 'Success'),
(73, 3, '2025-04-09 01:42:49', 'Logout', 'Success'),
(74, 26, '2025-04-09 01:43:02', 'Logout', 'Success'),
(75, 24, '2025-04-09 01:43:45', 'Logout', 'Success');

--
-- Indexes for dumped tables
--

--
-- Indexes for table `contact`
--
ALTER TABLE `contact`
  ADD PRIMARY KEY (`id`),
  ADD KEY `CONTACTLISTID` (`ContactListID`),
  ADD KEY `FRIEND_ID` (`FriendID`);

--
-- Indexes for table `contactlist`
--
ALTER TABLE `contactlist`
  ADD PRIMARY KEY (`ContactID`);

--
-- Indexes for table `directmessage`
--
ALTER TABLE `directmessage`
  ADD PRIMARY KEY (`DirectMessageID`),
  ADD KEY `RelationID` (`FriendID`);

--
-- Indexes for table `files`
--
ALTER TABLE `files`
  ADD PRIMARY KEY (`id`);

--
-- Indexes for table `friendrequests`
--
ALTER TABLE `friendrequests`
  ADD PRIMARY KEY (`request_id`),
  ADD UNIQUE KEY `sender_id` (`sender_id`,`receiver_id`),
  ADD KEY `ReceiverID` (`receiver_id`);

--
-- Indexes for table `friends`
--
ALTER TABLE `friends`
  ADD PRIMARY KEY (`id`),
  ADD KEY `user_id` (`user_id`),
  ADD KEY `friend_id` (`friend_id`);

--
-- Indexes for table `goals`
--
ALTER TABLE `goals`
  ADD PRIMARY KEY (`goal_id`),
  ADD KEY `user_id` (`user_id`);

--
-- Indexes for table `groupbannedusers`
--
ALTER TABLE `groupbannedusers`
  ADD PRIMARY KEY (`id`),
  ADD KEY `BannedUser` (`UserID`),
  ADD KEY `BannedUserGroup` (`GroupID`);

--
-- Indexes for table `groupchat`
--
ALTER TABLE `groupchat`
  ADD PRIMARY KEY (`GroupMessageID`),
  ADD KEY `GroupId` (`GroupID`),
  ADD KEY `USER_ID_FK` (`user_id`);

--
-- Indexes for table `groupinfo`
--
ALTER TABLE `groupinfo`
  ADD PRIMARY KEY (`id`);

--
-- Indexes for table `groupusers`
--
ALTER TABLE `groupusers`
  ADD PRIMARY KEY (`GroupID`),
  ADD KEY `UserIdForeignKey` (`UserID`),
  ADD KEY `GroupInfo_ID` (`GroupInfoID`);

--
-- Indexes for table `group_tasks`
--
ALTER TABLE `group_tasks`
  ADD PRIMARY KEY (`id`),
  ADD KEY `assigned_by` (`assigned_by`),
  ADD KEY `assigned_to` (`assigned_to`);

--
-- Indexes for table `notifications`
--
ALTER TABLE `notifications`
  ADD PRIMARY KEY (`id`),
  ADD KEY `user_id` (`user_id`),
  ADD KEY `sender_id` (`sender_id`),
  ADD KEY `message_id` (`message_id`);

--
-- Indexes for table `survey_responses`
--
ALTER TABLE `survey_responses`
  ADD PRIMARY KEY (`id`);

--
-- Indexes for table `tasks`
--
ALTER TABLE `tasks`
  ADD PRIMARY KEY (`id`),
  ADD KEY `fk_user` (`user_id`);

--
-- Indexes for table `team`
--
ALTER TABLE `team`
  ADD PRIMARY KEY (`id`),
  ADD KEY `leader_id` (`leader_id`),
  ADD KEY `member_id` (`member_id`);

--
-- Indexes for table `userblocks`
--
ALTER TABLE `userblocks`
  ADD PRIMARY KEY (`BlockID`),
  ADD KEY `BlockerID` (`blocker_id`),
  ADD KEY `BlockedID` (`blocked_id`);

--
-- Indexes for table `users`
--
ALTER TABLE `users`
  ADD PRIMARY KEY (`id`),
  ADD UNIQUE KEY `email` (`email`),
  ADD KEY `idx_auth_token` (`auth_token`);

--
-- Indexes for table `user_activity_log`
--
ALTER TABLE `user_activity_log`
  ADD PRIMARY KEY (`log_id`),
  ADD KEY `user_id` (`user_id`);

--
-- AUTO_INCREMENT for dumped tables
--

--
-- AUTO_INCREMENT for table `contact`
--
ALTER TABLE `contact`
  MODIFY `id` int(11) NOT NULL AUTO_INCREMENT, AUTO_INCREMENT=10;

--
-- AUTO_INCREMENT for table `contactlist`
--
ALTER TABLE `contactlist`
  MODIFY `ContactID` int(11) NOT NULL AUTO_INCREMENT, AUTO_INCREMENT=6;

--
-- AUTO_INCREMENT for table `directmessage`
--
ALTER TABLE `directmessage`
  MODIFY `DirectMessageID` int(11) NOT NULL AUTO_INCREMENT, AUTO_INCREMENT=10;

--
-- AUTO_INCREMENT for table `files`
--
ALTER TABLE `files`
  MODIFY `id` int(10) UNSIGNED NOT NULL AUTO_INCREMENT, AUTO_INCREMENT=7;

--
-- AUTO_INCREMENT for table `friendrequests`
--
ALTER TABLE `friendrequests`
  MODIFY `request_id` int(11) NOT NULL AUTO_INCREMENT;

--
-- AUTO_INCREMENT for table `friends`
--
ALTER TABLE `friends`
  MODIFY `id` int(11) NOT NULL AUTO_INCREMENT, AUTO_INCREMENT=6;

--
-- AUTO_INCREMENT for table `goals`
--
ALTER TABLE `goals`
  MODIFY `goal_id` int(11) NOT NULL AUTO_INCREMENT, AUTO_INCREMENT=14;

--
-- AUTO_INCREMENT for table `groupbannedusers`
--
ALTER TABLE `groupbannedusers`
  MODIFY `id` int(11) NOT NULL AUTO_INCREMENT;

--
-- AUTO_INCREMENT for table `groupchat`
--
ALTER TABLE `groupchat`
  MODIFY `GroupMessageID` int(11) NOT NULL AUTO_INCREMENT, AUTO_INCREMENT=5;

--
-- AUTO_INCREMENT for table `groupinfo`
--
ALTER TABLE `groupinfo`
  MODIFY `id` int(11) NOT NULL AUTO_INCREMENT, AUTO_INCREMENT=3;

--
-- AUTO_INCREMENT for table `groupusers`
--
ALTER TABLE `groupusers`
  MODIFY `GroupID` int(11) NOT NULL AUTO_INCREMENT, AUTO_INCREMENT=9;

--
-- AUTO_INCREMENT for table `group_tasks`
--
ALTER TABLE `group_tasks`
  MODIFY `id` int(11) UNSIGNED NOT NULL AUTO_INCREMENT, AUTO_INCREMENT=8;

--
-- AUTO_INCREMENT for table `notifications`
--
ALTER TABLE `notifications`
  MODIFY `id` int(11) NOT NULL AUTO_INCREMENT, AUTO_INCREMENT=37;

--
-- AUTO_INCREMENT for table `survey_responses`
--
ALTER TABLE `survey_responses`
  MODIFY `id` int(11) NOT NULL AUTO_INCREMENT, AUTO_INCREMENT=15;

--
-- AUTO_INCREMENT for table `tasks`
--
ALTER TABLE `tasks`
  MODIFY `id` int(10) UNSIGNED NOT NULL AUTO_INCREMENT, AUTO_INCREMENT=197;

--
-- AUTO_INCREMENT for table `team`
--
ALTER TABLE `team`
  MODIFY `id` int(10) UNSIGNED NOT NULL AUTO_INCREMENT, AUTO_INCREMENT=60;

--
-- AUTO_INCREMENT for table `userblocks`
--
ALTER TABLE `userblocks`
  MODIFY `BlockID` int(11) NOT NULL AUTO_INCREMENT, AUTO_INCREMENT=9;

--
-- AUTO_INCREMENT for table `users`
--
ALTER TABLE `users`
  MODIFY `id` int(10) UNSIGNED NOT NULL AUTO_INCREMENT, AUTO_INCREMENT=27;

--
-- AUTO_INCREMENT for table `user_activity_log`
--
ALTER TABLE `user_activity_log`
  MODIFY `log_id` int(10) UNSIGNED NOT NULL AUTO_INCREMENT, AUTO_INCREMENT=76;

--
-- Constraints for dumped tables
--

--
-- Constraints for table `contact`
--
ALTER TABLE `contact`
  ADD CONSTRAINT `CONTACTLISTID` FOREIGN KEY (`ContactListID`) REFERENCES `contactlist` (`ContactID`),
  ADD CONSTRAINT `FRIEND_ID` FOREIGN KEY (`FriendID`) REFERENCES `friends` (`id`);

--
-- Constraints for table `directmessage`
--
ALTER TABLE `directmessage`
  ADD CONSTRAINT `RelationID` FOREIGN KEY (`FriendID`) REFERENCES `friends` (`id`);

--
-- Constraints for table `friendrequests`
--
ALTER TABLE `friendrequests`
  ADD CONSTRAINT `ReceiverID` FOREIGN KEY (`receiver_id`) REFERENCES `users` (`id`),
  ADD CONSTRAINT `SenderID` FOREIGN KEY (`sender_id`) REFERENCES `users` (`id`);

--
-- Constraints for table `friends`
--
ALTER TABLE `friends`
  ADD CONSTRAINT `friends_ibfk_1` FOREIGN KEY (`user_id`) REFERENCES `users` (`id`),
  ADD CONSTRAINT `friends_ibfk_2` FOREIGN KEY (`friend_id`) REFERENCES `users` (`id`);

--
-- Constraints for table `groupbannedusers`
--
ALTER TABLE `groupbannedusers`
  ADD CONSTRAINT `BannedUser` FOREIGN KEY (`UserID`) REFERENCES `users` (`id`),
  ADD CONSTRAINT `BannedUserGroup` FOREIGN KEY (`GroupID`) REFERENCES `groupinfo` (`id`);

--
-- Constraints for table `groupchat`
--
ALTER TABLE `groupchat`
  ADD CONSTRAINT `GroupId` FOREIGN KEY (`GroupID`) REFERENCES `groupinfo` (`id`),
  ADD CONSTRAINT `USER_ID_FK` FOREIGN KEY (`user_id`) REFERENCES `users` (`id`);

--
-- Constraints for table `groupusers`
--
ALTER TABLE `groupusers`
  ADD CONSTRAINT `GroupInfo_ID` FOREIGN KEY (`GroupInfoID`) REFERENCES `groupinfo` (`id`),
  ADD CONSTRAINT `UserIdForeignKey` FOREIGN KEY (`UserID`) REFERENCES `users` (`id`);

--
-- Constraints for table `group_tasks`
--
ALTER TABLE `group_tasks`
  ADD CONSTRAINT `group_tasks_ibfk_1` FOREIGN KEY (`assigned_by`) REFERENCES `users` (`id`) ON DELETE CASCADE,
  ADD CONSTRAINT `group_tasks_ibfk_2` FOREIGN KEY (`assigned_to`) REFERENCES `users` (`id`) ON DELETE CASCADE;

--
-- Constraints for table `notifications`
--
ALTER TABLE `notifications`
  ADD CONSTRAINT `notificationsForDirectMessageID` FOREIGN KEY (`message_id`) REFERENCES `directmessage` (`DirectMessageID`),
  ADD CONSTRAINT `notificationsForGroupMessageID` FOREIGN KEY (`message_id`) REFERENCES `groupchat` (`GroupMessageID`),
  ADD CONSTRAINT `notifications_ibfk_1` FOREIGN KEY (`user_id`) REFERENCES `users` (`id`) ON DELETE CASCADE,
  ADD CONSTRAINT `notifications_ibfk_2` FOREIGN KEY (`sender_id`) REFERENCES `users` (`id`) ON DELETE SET NULL;

--
-- Constraints for table `tasks`
--
ALTER TABLE `tasks`
  ADD CONSTRAINT `fk_user` FOREIGN KEY (`user_id`) REFERENCES `users` (`id`) ON DELETE CASCADE;

--
-- Constraints for table `team`
--
ALTER TABLE `team`
  ADD CONSTRAINT `team_ibfk_1` FOREIGN KEY (`leader_id`) REFERENCES `users` (`id`) ON DELETE CASCADE,
  ADD CONSTRAINT `team_ibfk_2` FOREIGN KEY (`member_id`) REFERENCES `users` (`id`) ON DELETE CASCADE;

--
-- Constraints for table `userblocks`
--
ALTER TABLE `userblocks`
  ADD CONSTRAINT `BlockedID` FOREIGN KEY (`blocked_id`) REFERENCES `users` (`id`),
  ADD CONSTRAINT `BlockerID` FOREIGN KEY (`blocker_id`) REFERENCES `users` (`id`);

--
-- Constraints for table `user_activity_log`
--
ALTER TABLE `user_activity_log`
  ADD CONSTRAINT `user_activity_log_ibfk_1` FOREIGN KEY (`user_id`) REFERENCES `users` (`id`) ON DELETE CASCADE;
COMMIT;

/*!40101 SET CHARACTER_SET_CLIENT=@OLD_CHARACTER_SET_CLIENT */;
/*!40101 SET CHARACTER_SET_RESULTS=@OLD_CHARACTER_SET_RESULTS */;
/*!40101 SET COLLATION_CONNECTION=@OLD_COLLATION_CONNECTION */;
